Name,Ticker,Category,Current Price,Day Change %,EMA 50,EMA 200,EMA Cross,Days Since EMA Cross,RSI 14,MACD Signal,Supertrend,ROC 1M %,ROC 3M %,ROC 6M %,1Y CAGR %,3Y CAGR %,Trend Consistency (12M),Momentum Acceleration,Momentum Quality,SD 1Y %,ATR % (14D),Vol Ratio (20D/60D),Vol Trend,52W High,52W Low,% from 52W High,% from 52W Low,1Y Max Drawdown %,Days Since 52W High,Drawdown Status,Market Regime
Brent Crude,BZ=F,Commodity,102.49,0.18,96.9799,88.3397,Golden Cross,155,54.13,Bearish,Bullish,7.17,42.37,-6.0,56.83,4.15,6,-6.95,-0.11,54.24,4.52,0.78,Falling,118.35,58.92,-13.4,73.95,-39.53,132,Correcting,Bear
Copper,HG=F,Commodity,6.5385,0.87,6.5246,6.0949,Golden Cross,435,48.22,Bearish,Bullish,0.58,5.84,17.54,35.36,21.65,8,-1.37,0.62,28.26,1.58,1.22,Rising,6.8035,4.8485,-3.9,34.86,-13.49,16,Recovering,Strong Bull
Crude Oil,CL=F,Commodity,91.69,-1.27,90.2284,82.9825,Golden Cross,151,48.39,Bearish,Bearish,0.75,33.76,-17.8,48.41,0.33,8,-10.5,-0.32,55.21,5.11,0.91,Stable,112.95,55.27,-18.82,65.89,-39.31,127,Correcting,Bull
Gold,GC=F,Commodity,4161.3999,-0.97,4345.9323,4334.466,Golden Cross,27,34.08,Bearish,Bearish,-5.74,-0.15,-11.08,6.77,31.09,6,-5.69,-0.38,28.97,2.32,0.76,Falling,5318.3999,3868.1001,-21.75,7.58,-24.94,175,Damaged,Strong Bear
Natural Gas,NG=F,Commodity,3.016,1.65,2.9315,3.0909,Death Cross,152,53.53,Bearish,Bullish,2.03,-7.06,7.71,-13.23,2.02,6,4.38,0.08,91.6,4.3,1.3,Rising,7.46,2.523,-59.57,19.54,-66.18,175,Damaged,Bear
Silver,SI=F,Commodity,60.38,-0.57,64.1535,65.107,Death Cross,55,37.97,Bearish,Bearish,-6.71,-2.49,-16.99,27.68,39.51,7,-5.88,-0.26,66.29,2.56,0.93,Stable,115.08,46.0,-47.53,31.26,-51.43,177,Damaged,Strong Bear
Dollar Index,DX-Y.NYB,Currency,101.947,-0.15,100.2446,99.7324,Golden Cross,77,72.08,Bullish,Bullish,2.4,1.09,1.92,4.34,-1.34,6,2.04,0.37,5.18,0.45,0.89,Stable,102.1,96.22,-0.15,5.95,-4.0,0,At High,Strong Bull
EUR/INR,EURINR=X,Currency,108.4164,-0.21,109.5411,108.0865,Golden Cross,410,45.79,Bearish,Bearish,-1.39,-0.61,0.87,5.63,7.18,8,-1.19,0.07,13.04,1.26,1.21,Rising,112.486,101.656,-3.62,6.65,-6.84,95,Correcting,Strong Bull
GBP/INR,GBPINR=X,Currency,127.4535,0.17,128.1105,125.7448,Golden Cross,430,45.75,Bearish,Bearish,0.06,-0.01,3.09,7.53,7.93,9,0.06,0.3,10.18,0.74,0.79,Falling,130.5909,115.5451,-2.4,10.31,-5.57,27,Recovering,Strong Bull
JPY/INR,JPYINR=X,Currency,0.6101,0.23,0.6025,0.5931,Golden Cross,164,53.12,Bearish,Bearish,2.17,3.75,5.01,4.79,3.37,8,0.92,0.31,15.92,1.45,1.13,Stable,0.6187,0.5627,-1.39,8.43,-7.52,15,At High,Strong Bull
USD/INR,INR=X,Currency,96.3,0.39,95.545,93.802,Golden Cross,1302,58.61,Bullish,Bearish,1.92,0.73,4.36,8.5,4.17,9,1.68,0.59,7.45,0.59,0.72,Falling,96.8769,87.7403,-0.6,9.76,-3.44,50,At High,Strong Bull
DAX,^GDAXI,Global Index,25231.1992,1.17,25567.4807,24879.1984,Golden Cross,746,42.91,Bearish,Bearish,-2.97,-0.92,4.78,3.5,17.83,8,-2.66,0.3,15.94,1.18,1.15,Stable,26569.9902,22300.75,-5.04,13.14,-12.27,25,Recovering,Strong Bull
Dow Jones,^DJI,Global Index,51133.4297,0.41,52189.3194,50351.314,Golden Cross,346,38.72,Bearish,Bearish,-3.63,-3.62,9.95,10.1,15.08,10,-2.42,0.78,12.79,0.97,0.89,Stable,54349.1211,45166.6406,-5.92,13.21,-10.01,41,Recovering,Strong Bull
FTSE 100,^FTSE,Global Index,10461.9502,0.32,10684.8985,10369.6541,Golden Cross,720,34.11,Bearish,Bearish,-3.41,-1.78,0.25,10.23,11.76,8,-2.82,0.02,11.6,1.01,1.27,Rising,10910.5996,9354.5996,-4.11,11.84,-9.32,154,Correcting,Strong Bull
Hang Seng,^HSI,Global Index,24613.2695,0.37,25047.2006,25175.8477,Death Cross,10,41.67,Bearish,Bearish,-2.83,5.41,-1.36,-7.28,10.22,3,-4.63,-0.07,18.58,1.23,0.85,Stable,27968.0898,22671.8594,-12.0,8.56,-18.94,174,Correcting,Strong Bear
India VIX,^INDIAVIX,Global Index,14.46,7.19,12.3786,13.798,Death Cross,60,63.87,Bullish,Bullish,25.85,22.54,-48.15,36.93,7.01,5,18.34,-0.49,97.62,9.38,1.38,Rising,27.89,9.15,-48.15,58.03,-62.89,132,Damaged,Bear
Nasdaq,^IXIC,Global Index,27163.8535,1.09,26399.5231,24895.4534,Golden Cross,355,61.73,Bullish,Bullish,3.61,3.99,24.15,19.37,27.54,6,2.28,1.29,18.69,1.19,0.82,Falling,27244.2793,20794.6406,-0.3,30.63,-13.21,7,At High,Strong Bull
Nikkei 225,^N225,Global Index,68956.7188,3.3,65668.4014,60408.0998,Golden Cross,330,65.94,Bullish,Bullish,3.84,-0.74,28.64,53.57,28.78,9,4.09,0.99,28.79,1.93,0.84,Falling,72366.3438,44550.8516,-4.71,54.78,-15.11,70,Correcting,Strong Bull
S&P 500,^GSPC,Global Index,7717.52,0.67,7637.6934,7264.7817,Golden Cross,357,54.39,Bearish,Bullish,0.66,2.39,17.24,14.99,21.77,6,-0.14,1.33,12.99,0.88,0.92,Stable,7798.9902,6343.7202,-1.04,21.66,-9.1,35,At High,Strong Bull
Shanghai Composite,000001.SS,Global Index,3842.1951,0.31,3919.8556,3934.8294,Death Cross,11,40.35,Bearish,Bearish,-3.61,-4.63,-2.07,-0.47,6.69,7,-2.07,-0.14,14.39,1.07,0.7,Falling,4242.5718,3764.155,-9.44,2.07,-11.28,100,Correcting,Bear
US 10Y Yield,^TNX,Global Index,5.283,0.88,4.883,4.547,Golden Cross,135,74.9,Bullish,Bullish,10.15,17.95,22.49,28.67,4.53,8,4.17,1.53,14.72,1.55,1.07,Stable,5.293,3.953,-0.19,33.65,-7.75,1,At High,Strong Bull
US VIX,^VIX,Global Index,15.74,-3.97,15.9885,17.4261,Death Cross,92,49.76,Bullish,Bullish,9.92,-2.42,-38.94,-5.47,-3.51,5,10.73,-0.31,125.67,8.15,0.94,Stable,31.05,13.47,-49.31,16.85,-54.24,135,Damaged,Strong Bear
Bitcoin,BTC-USD,Crypto,84649.2422,-0.24,78315.2053,74620.8506,Golden Cross,14,63.67,Bearish,Bullish,9.69,34.76,15.37,-5.42,16.2,6,-1.9,0.39,39.15,2.65,1.02,Stable,89184.5703,58558.8594,-5.09,44.55,-34.34,176,Correcting,Strong Bull
