Current Price,Day Change %,EMA 50,EMA 200,RSI 14,MACD Signal,Supertrend,ROC 1M %,ROC 3M %,ROC 6M %,ROC 12M %,1Y CAGR %,3Y CAGR %,52W High,52W Low,% from 52W High,% from 52W Low,1Y Max Drawdown %,Days Since 52W High,Drawdown Status,SD 1Y %,ATR % (14D),Vol Ratio (20D/60D),Vol Trend,Trend Consistency (12M),Momentum Acceleration,Momentum Quality,EMA Cross,Days Since EMA Cross,Beta vs Nifty,Correlation vs Nifty (1Y),Up Capture Ratio,Down Capture Ratio,Capture Ratio,RS vs Nifty 1M %,RS vs Nifty 3M %,RS vs Nifty 6M %,Market Regime,PE Ratio,PB Ratio,Dividend Yield %,Index,Category,Momentum Rank 1M,Momentum Rank 3M,Momentum Rank 6M
23797.65,-0.46,24839.36,25122.86,27.24,Bearish,Bearish,-6.09,-5.06,-0.49,-8.56,-8.56,6.81,26925.3,22875.5,-11.62,4.03,-15.04,192,Correcting,13.57,0.93,1.04,Stable,5,-4.4,-0.04,Death Cross,15,1.02,0.99,102.4,99.9,1.03,-0.06,0.32,2.04,Strong Bear,19.04,2.81,1.21,Nifty 100,Broad Market,27,38,39
13197.3,-0.56,13790.53,13850.39,26.04,Bearish,Bearish,-6.36,-4.91,0.95,-6.9,-6.9,7.99,14677.15,12492.1,-10.08,5.65,-14.89,192,Correcting,13.88,0.95,1.09,Stable,6,-4.72,0.07,Death Cross,4,1.03,0.98,103.9,98.9,1.05,-0.33,0.46,3.49,Bear,20.41,2.99,1.08,Nifty 200,Broad Market,34,37,35
22716.2,-0.28,23722.62,24190.09,26.71,Bearish,Bearish,-6.04,-5.37,-2.53,-10.31,-10.31,5.09,26328.55,22331.4,-13.72,1.72,-15.18,192,Correcting,13.24,0.92,0.99,Stable,5,-4.25,-0.19,Death Cross,140,1.0,1.0,100.0,100.0,1.0,0.0,0.0,0.0,Strong Bear,19.2,2.75,1.25,Nifty 50,Broad Market,25,40,44
22101.0,-0.59,23026.84,22982.41,26.89,Bearish,Bearish,-6.07,-4.37,2.9,-5.9,-5.9,8.61,24099.0,20528.05,-8.29,7.66,-14.82,192,Correcting,14.04,0.94,1.1,Stable,6,-4.61,0.21,Golden Cross,60,1.03,0.97,103.7,97.3,1.07,-0.03,1.0,5.43,Bull,21.42,3.06,1.01,Nifty 500,Broad Market,26,27,30
26319.7,1.03,25964.81,24248.86,51.02,Bearish,Bullish,-0.53,4.51,31.47,8.49,8.49,17.43,26794.1,18892.95,-1.77,39.31,-21.54,4,At High,19.94,1.34,1.23,Rising,7,-2.03,1.58,Golden Cross,92,1.15,0.76,118.3,91.3,1.3,5.5,9.88,34.0,Strong Bull,28.29,3.42,0.45,Nifty Microcap 250,Broad Market,3,7,1
21853.3,-0.99,22886.13,22357.25,27.01,Bearish,Bearish,-7.04,-4.25,7.14,-0.22,-0.22,13.11,23539.35,19430.9,-7.16,12.47,-14.05,33,Recovering,16.14,1.13,1.22,Rising,8,-5.62,0.44,Golden Cross,105,1.06,0.87,107.6,93.1,1.16,-1.0,1.12,9.67,Bull,27.33,4.07,0.61,Nifty Midcap 150,Broad Market,39,25,18
69460.2,-1.21,72343.93,70616.29,31.77,Bearish,Bearish,-6.34,-3.66,9.18,-0.4,-0.4,15.32,74766.85,60349.8,-7.1,15.1,-14.63,35,Recovering,17.02,1.18,1.27,Rising,8,-5.12,0.54,Golden Cross,108,1.11,0.86,114.1,100.0,1.14,-0.3,1.71,11.71,Bull,18.36,3.09,1.04,Nifty Next 50,Broad Market,32,21,16
17747.25,-0.65,18111.3,17301.78,35.59,Bearish,Bearish,-4.05,-0.31,18.81,1.38,1.38,13.26,18527.2,14232.85,-4.21,24.69,-18.37,15,Recovering,17.16,1.15,1.12,Stable,7,-3.95,1.1,Golden Cross,92,1.05,0.81,106.1,89.1,1.19,1.99,5.07,21.34,Strong Bull,32.75,3.35,0.58,Nifty Smallcap 250,Broad Market,10,12,6
26173.35,-1.33,27640.84,26986.54,26.26,Bearish,Bearish,-9.28,-2.28,4.45,-3.84,-3.84,17.97,29647.9,23769.6,-11.72,10.11,-17.82,37,Correcting,20.39,1.39,0.95,Stable,9,-8.52,0.22,Golden Cross,345,1.27,0.82,119.4,107.5,1.11,-3.25,3.1,6.98,Bull,30.41,4.0,1.11,Nifty Auto,Sectoral,52,17,26
54259.95,-0.39,56663.0,56650.33,29.04,Bearish,Bearish,-5.63,-6.5,1.03,-2.16,-2.16,6.81,61550.8,50275.35,-11.85,7.93,-18.32,159,Correcting,16.88,1.16,1.0,Stable,7,-3.46,0.06,Golden Cross,60,1.16,0.91,114.7,101.9,1.13,0.41,-1.13,3.56,Bear,12.84,1.62,0.72,Nifty Bank,Sectoral,21,43,34
13658.0,-1.64,14577.25,15206.97,29.73,Bearish,Bullish,-7.84,-8.74,-5.23,,,,16580.1,13534.81,-17.62,0.91,-18.37,159,Correcting,22.65,1.42,1.02,Stable,3,-4.93,-0.23,Death Cross,158,1.25,0.84,115.5,121.9,0.95,-1.81,-3.37,-2.7,Strong Bear,25.23,1.95,0.42,Nifty Cement,Sectoral,44,52,48
28030.3,-2.31,29678.62,29211.19,26.39,Bearish,Bullish,-7.16,-4.84,6.14,-6.67,-6.67,,30947.1,24936.0,-9.43,12.41,-16.3,50,Recovering,17.72,1.4,1.09,Stable,6,-5.55,0.35,Golden Cross,87,1.01,0.76,88.9,84.1,1.06,-1.12,0.54,8.68,Bear,41.74,3.74,0.62,Nifty Chemicals,Sectoral,40,36,22
37129.95,-2.71,38818.18,37847.3,28.79,Bearish,Bearish,-8.42,1.87,6.81,-5.62,-5.62,8.77,40829.4,32945.8,-9.06,12.7,-15.74,25,Recovering,20.48,1.39,1.07,Stable,6,-9.04,0.33,Golden Cross,52,1.17,0.76,114.5,104.9,1.09,-2.38,7.25,9.34,Bull,60.47,9.72,0.4,Nifty Consumer Durables,Sectoral,50,10,20
24648.5,-0.09,25793.98,26154.79,31.27,Bearish,Bearish,-6.23,-8.02,-1.63,-7.08,-7.08,7.66,28463.25,23521.8,-13.4,4.79,-17.36,159,Correcting,17.28,1.22,1.1,Stable,6,-3.56,-0.09,Death Cross,20,1.21,0.93,121.6,114.6,1.06,-0.19,-2.65,0.9,Strong Bear,15.12,2.28,1.01,Nifty Financial Services,Sectoral,28,49,42
44790.3,-1.05,46927.06,49661.45,35.09,Bullish,Bearish,-4.32,-10.07,-5.27,-20.41,-20.41,-4.58,56772.45,44790.3,-21.11,0.0,-21.11,243,Damaged,14.27,1.21,0.98,Stable,3,-0.96,-0.37,Death Cross,262,0.71,0.66,62.9,81.6,0.77,1.71,-4.7,-2.74,Strong Bear,31.07,7.44,1.06,Nifty Fmcg,Sectoral,12,53,49
16562.65,0.15,16488.08,15634.19,48.93,Bearish,Bullish,-1.4,3.12,14.06,11.3,11.3,19.95,16941.5,13790.65,-2.24,20.1,-8.28,20,Recovering,13.53,1.13,1.13,Stable,8,-2.44,1.04,Golden Cross,113,0.57,0.56,70.2,46.5,1.51,4.63,8.5,16.6,Bull,43.4,5.36,0.46,Nifty Healthcare Index,Sectoral,4,8,11
27670.0,-1.48,29514.45,31185.15,27.69,Bearish,Bearish,-11.55,7.37,-6.74,-24.35,-24.35,-5.09,39488.0,25769.8,-29.93,7.37,-34.74,200,Damaged,25.25,2.15,0.77,Falling,7,-14.01,-0.27,Death Cross,162,0.77,0.41,79.2,96.6,0.82,-5.51,12.75,-4.21,Strong Bear,17.65,4.86,2.9,Nifty It,Sectoral,54,1,51
1540.95,0.11,1546.73,1509.94,46.81,Bullish,Bearish,-3.86,2.11,17.53,-4.85,-4.85,-13.82,1627.3,1253.35,-5.31,22.95,-22.98,265,Correcting,22.11,1.91,0.92,Stable,4,-4.56,0.79,Golden Cross,50,0.92,0.55,81.7,75.9,1.08,2.17,7.49,20.06,Bull,40.75,1.55,0.5,Nifty Media,Sectoral,7,9,9
12954.45,0.78,13016.41,12278.99,47.35,Bearish,Bearish,-4.22,4.52,14.21,29.68,29.68,22.55,13718.3,9888.25,-5.57,31.01,-12.94,89,Correcting,22.23,1.71,1.21,Rising,8,-5.73,0.64,Golden Cross,350,1.05,0.63,128.3,79.0,1.62,1.82,9.89,16.75,Strong Bull,15.77,2.57,1.27,Nifty Metal,Sectoral,11,6,10
10567.65,-0.87,11050.94,11277.15,26.79,Bearish,Bearish,-4.52,-4.66,-3.55,-6.76,-6.76,10.01,12352.3,10567.65,-14.45,0.0,-14.45,164,Correcting,15.49,1.2,1.05,Stable,6,-2.97,-0.23,Death Cross,130,0.84,0.72,93.7,89.8,1.04,1.52,0.71,-1.01,Strong Bear,10.46,1.3,1.87,Nifty Oil & Gas,Sectoral,13,34,46
26933.65,0.64,26409.61,24626.6,55.47,Bullish,Bullish,-0.22,6.95,18.76,18.72,18.72,20.96,27186.45,21454.25,-0.93,25.54,-7.46,20,At High,13.73,1.16,1.12,Stable,8,-2.54,1.37,Golden Cross,370,0.54,0.53,71.7,39.4,1.82,5.82,12.33,21.29,Bull,41.7,5.06,0.52,Nifty Pharma,Sectoral,2,2,7
26443.15,-0.13,27345.31,27331.92,33.03,Bearish,Bearish,-4.67,-6.16,3.7,-1.96,-1.96,4.43,29187.95,24144.85,-9.4,9.52,-17.28,159,Correcting,16.63,1.16,0.92,Stable,7,-2.62,0.22,Golden Cross,60,1.12,0.89,111.3,98.9,1.13,1.37,-0.78,6.24,Bull,16.47,1.9,0.66,Nifty Private Bank,Sectoral,14,41,28
7972.8,-0.66,8408.25,8347.91,30.12,Bearish,Bearish,-7.34,-7.04,-7.09,7.77,7.77,19.41,9879.85,7261.45,-19.3,9.8,-20.31,153,Correcting,23.63,1.59,0.92,Stable,8,-4.99,-0.3,Golden Cross,350,1.28,0.72,134.0,105.4,1.27,-1.3,-1.67,-4.56,Bear,7.17,1.1,0.8,Nifty Psu Bank,Sectoral,42,47,52
833.85,-2.0,871.51,853.63,38.34,Bearish,Bearish,-8.25,-2.96,20.48,-9.71,-9.71,13.11,968.65,651.15,-13.92,28.06,-32.78,235,Correcting,26.49,2.21,1.1,Stable,5,-7.26,0.77,Golden Cross,53,1.57,0.78,166.4,155.0,1.07,-2.22,2.42,23.01,Bear,35.41,3.63,0.5,Nifty Realty,Sectoral,49,19,3
1870.0,-1.17,1911.0,1841.57,36.5,Bearish,Bullish,-3.91,-1.06,10.31,,,,1974.6,1632.57,-5.3,14.54,-7.53,57,Recovering,14.98,1.06,1.06,Stable,3,-3.56,0.69,Golden Cross,112,0.78,0.8,88.0,62.9,1.4,2.13,4.32,12.84,Bull,50.06,2.43,3.64,Nifty Reits & Realty,Sectoral,8,13,14
53519.45,-0.48,55323.95,52990.55,33.77,Bearish,Bearish,-7.26,-0.17,13.13,3.18,3.18,14.25,57712.2,44487.95,-7.26,20.3,-14.99,22,Recovering,19.06,1.36,1.24,Rising,8,-7.2,0.69,Golden Cross,98,1.18,0.82,122.6,101.4,1.21,-1.23,5.2,15.67,Strong Bull,22.37,4.57,0.55,Nifty Alpha 50,Strategy,41,11,12
19138.15,-0.71,19896.0,20163.8,27.64,Bearish,Bullish,-5.22,-4.44,-0.26,-10.02,-10.02,11.36,21595.85,18543.9,-11.38,3.2,-14.13,190,Correcting,11.64,0.86,1.1,Stable,6,-3.74,-0.02,Death Cross,25,0.8,0.91,78.9,80.9,0.98,0.82,0.94,2.27,Strong Bear,15.83,2.69,1.69,Nifty Alpha Quality Value Low-Volatility 30,Strategy,17,29,37
5479.35,-0.71,5762.9,5927.16,21.86,Bearish,Bearish,-6.81,-4.11,-6.23,-9.76,-9.76,6.45,6470.9,5479.35,-15.32,0.0,-15.32,173,Correcting,13.26,1.01,0.78,Falling,6,-5.44,-0.47,Death Cross,135,0.88,0.88,90.4,90.2,1.0,-0.77,1.26,-3.7,Strong Bear,12.44,2.26,2.36,Nifty Dividend Opportunities 50,Strategy,36,24,50
4174.6,-0.55,4373.37,4155.07,31.6,Bearish,Bullish,-8.02,-4.09,18.49,9.95,9.95,13.32,4583.75,3317.65,-8.93,25.83,-18.12,24,Recovering,21.96,1.45,1.15,Stable,8,-6.66,0.84,Golden Cross,113,1.39,0.84,151.3,120.7,1.25,-1.98,1.28,21.02,Strong Bull,19.98,3.08,0.84,Nifty High Beta 50,Strategy,47,23,8
23213.75,-0.96,24198.53,24464.82,27.97,Bearish,Bullish,-5.74,-4.6,-0.92,-8.71,-8.71,8.14,25991.45,22582.0,-10.69,2.8,-13.12,189,Correcting,11.88,0.85,1.04,Stable,7,-4.21,-0.08,Death Cross,14,0.85,0.94,84.7,84.5,1.0,0.3,0.77,1.61,Strong Bear,24.67,4.04,1.32,Nifty Low Volatility 50,Strategy,22,33,41
61036.05,-0.39,63132.42,62222.41,34.12,Bearish,Bullish,-6.03,-3.25,6.11,-0.72,-0.72,13.77,65309.35,54460.9,-6.54,12.07,-14.47,20,Recovering,18.13,1.29,1.25,Rising,6,-4.95,0.34,Golden Cross,99,1.15,0.84,114.8,99.7,1.15,0.0,2.13,8.64,Bull,25.99,4.87,0.47,Nifty Midcap150 Momentum 50,Strategy,24,20,23
22819.95,-1.69,23959.14,23808.42,27.62,Bearish,Bullish,-7.94,-4.46,5.45,-8.16,-8.16,5.86,25002.75,20728.25,-8.73,10.09,-15.96,35,Recovering,15.46,1.09,1.16,Rising,8,-6.45,0.35,Golden Cross,73,0.99,0.85,99.6,96.1,1.04,-1.9,0.91,7.98,Bull,29.7,6.45,1.04,Nifty Midcap150 Quality 50,Strategy,46,30,25
24245.95,-1.22,25136.26,25123.45,29.34,Bearish,Bullish,-5.27,-2.13,7.12,-11.78,-11.78,6.72,27183.15,21675.8,-10.81,11.86,-20.26,265,Correcting,16.56,1.09,0.95,Stable,5,-4.56,0.43,Golden Cross,39,1.01,0.81,93.0,94.5,0.98,0.77,3.24,9.66,Bear,23.7,4.38,1.09,Nifty Smallcap250 Quality 50,Strategy,19,16,19
18901.25,-0.65,19777.52,19947.34,24.98,Bearish,Bearish,-6.55,-4.59,-0.61,-8.55,-8.55,7.98,21373.05,18308.4,-11.57,3.24,-14.34,189,Correcting,12.07,0.86,0.97,Stable,7,-5.02,-0.05,Death Cross,9,0.87,0.95,85.9,85.2,1.01,-0.51,0.78,1.92,Strong Bear,23.33,3.72,1.39,Nifty100 Low Volatility 30,Strategy,35,31,40
29530.1,-0.28,30576.72,30613.25,34.89,Bearish,Bearish,-6.34,-4.41,2.72,-4.58,-4.58,9.35,32218.6,27071.65,-8.34,9.08,-15.98,218,Correcting,18.41,1.37,1.28,Rising,7,-4.87,0.15,Death Cross,0,1.19,0.85,117.9,107.7,1.09,-0.3,0.96,5.25,Bull,23.2,4.28,0.84,Nifty200 Momentum 30,Strategy,32,28,31
18919.5,-1.69,20016.41,20229.25,22.64,Bearish,Bearish,-8.2,-3.78,0.12,-10.64,-10.64,5.29,21687.9,18207.0,-12.76,3.91,-16.05,189,Correcting,13.47,1.08,0.95,Stable,5,-6.94,0.01,Death Cross,10,0.86,0.85,86.6,88.1,0.98,-2.16,1.59,2.66,Bear,25.64,7.93,1.86,Nifty200 Quality 30,Strategy,48,22,36
14115.05,-0.6,14785.52,14764.45,26.93,Bearish,Bullish,-5.05,-6.76,-2.9,6.57,6.57,,16272.95,12976.5,-13.26,8.77,-13.71,153,Correcting,16.56,1.09,1.09,Stable,6,-2.8,-0.18,Golden Cross,598,0.99,0.79,108.2,85.8,1.26,0.98,-1.39,-0.36,Strong Bear,8.86,1.21,2.21,Nifty200 Value 30,Strategy,16,46,45
5088.9,-1.02,5329.94,5074.0,34.19,Bearish,Bullish,-7.61,-8.38,12.92,16.14,16.14,,5671.5,4143.65,-10.27,22.81,-14.08,90,Correcting,23.89,1.76,1.08,Stable,5,-4.82,0.54,Golden Cross,532,1.31,0.73,149.8,109.2,1.37,-1.57,-3.01,15.45,Bull,41.86,10.49,0.71,Nifty Capital Markets,Thematic,43,51,13
9327.7,-0.41,9707.11,9678.26,32.95,Bearish,Bearish,-4.91,-4.68,-0.32,3.09,3.09,12.83,10503.2,8890.35,-11.19,4.92,-11.19,89,Correcting,15.64,1.12,1.2,Rising,7,-3.35,-0.02,Golden Cross,355,0.92,0.78,102.5,86.2,1.19,1.13,0.69,2.22,Strong Bear,14.45,1.87,1.5,Nifty Commodities,Thematic,15,35,38
6258.75,0.18,6465.11,6648.96,34.49,Bearish,Bearish,-1.98,-6.65,-9.63,-3.72,-3.72,19.08,7508.0,6123.65,-16.64,2.21,-16.79,109,Correcting,14.29,1.05,1.14,Stable,5,0.24,-0.67,Death Cross,43,0.48,0.45,60.7,57.2,1.06,4.06,-1.28,-7.09,Strong Bear,12.05,1.81,2.93,Nifty Cpse,Thematic,5,44,53
36509.75,-0.5,38114.25,37831.97,27.94,Bearish,Bearish,-3.93,-8.19,2.68,2.14,2.14,10.93,41535.75,33098.3,-12.1,10.31,-12.1,89,Correcting,15.54,1.1,1.23,Rising,4,-1.2,0.17,Golden Cross,160,0.76,0.65,88.8,75.2,1.18,2.11,-2.81,5.21,Strong Bear,14.16,1.96,1.92,Nifty Energy,Thematic,9,50,32
3037.55,-1.18,3196.74,3106.09,24.1,Bearish,Bullish,-8.86,-1.79,9.23,-4.75,-4.75,,3400.5,2631.45,-10.67,15.43,-17.87,33,Correcting,17.72,1.18,1.05,Stable,9,-8.26,0.52,Golden Cross,85,1.14,0.85,109.3,99.5,1.1,-2.83,3.58,11.76,Bull,40.0,4.37,0.86,Nifty Ev & New Age Automotive,Thematic,51,15,15
11231.9,-0.58,11711.73,11734.26,31.67,Bearish,Bullish,-5.83,-6.44,2.27,-4.15,-4.15,8.4,12183.9,10467.1,-7.81,7.31,-14.09,73,Correcting,16.5,1.07,1.15,Stable,5,-3.68,0.14,Death Cross,0,1.14,0.92,116.6,107.2,1.09,0.21,-1.06,4.8,Bull,19.67,2.53,0.94,Nifty Housing,Thematic,23,42,33
2422.75,1.23,2372.88,2202.35,52.74,Bearish,Bullish,1.21,5.01,30.23,7.12,7.12,,2478.65,1782.65,-2.26,35.91,-20.02,4,Recovering,16.79,1.35,1.28,Rising,6,-0.46,1.8,Golden Cross,103,0.87,0.69,84.6,62.9,1.34,7.25,10.39,32.76,Bull,62.0,7.83,0.13,Nifty IPO,Thematic,1,4,2
11155.75,-1.01,11642.43,11644.49,29.15,Bearish,Bearish,-6.29,-4.59,3.63,-10.49,-10.49,9.99,12639.05,10334.35,-11.74,7.95,-18.23,245,Correcting,14.5,1.0,1.02,Stable,6,-4.76,0.25,Death Cross,0,0.99,0.91,94.3,95.9,0.98,-0.25,0.78,6.16,Bear,36.33,6.61,0.82,Nifty India Consumption,Thematic,30,31,29
9139.65,-0.99,9492.73,8904.02,35.91,Bearish,Bullish,-6.28,-4.35,20.01,9.87,9.87,40.65,9998.7,7214.3,-8.59,26.69,-15.36,15,Recovering,24.03,1.76,1.32,Rising,6,-4.83,0.83,Golden Cross,375,1.1,0.6,124.2,93.6,1.33,-0.24,1.02,22.54,Strong Bull,55.16,10.55,0.53,Nifty India Defence,Thematic,29,26,5
8047.65,-1.08,8475.9,8406.19,21.2,Bearish,Bullish,-9.31,4.99,6.54,-13.35,-13.35,7.55,9710.15,7268.6,-17.12,10.72,-25.14,200,Correcting,17.74,1.45,0.82,Falling,7,-10.97,0.37,Golden Cross,27,0.95,0.71,93.3,96.7,0.96,-3.27,10.36,9.08,Bear,26.86,5.95,1.5,Nifty India Digital,Thematic,53,5,21
1365.8,-0.39,1413.83,1336.97,33.62,Bearish,Bullish,-6.89,5.42,20.23,-6.88,-6.88,,1504.3,1075.85,-9.21,26.95,-28.37,4,Recovering,22.18,1.94,1.24,Rising,6,-8.7,0.91,Golden Cross,44,1.23,0.73,113.8,106.7,1.07,-0.85,10.79,22.77,Strong Bull,147.82,6.21,0.22,Nifty India Internet,Thematic,37,3,4
15509.95,-0.84,16080.71,15664.42,31.85,Bearish,Bullish,-6.33,-2.39,6.07,1.86,1.86,16.15,16662.45,14032.55,-6.92,10.53,-12.21,37,Recovering,15.29,1.05,1.26,Rising,8,-5.53,0.4,Golden Cross,352,1.0,0.87,104.2,87.6,1.19,-0.3,2.98,8.61,Bull,26.8,3.85,0.88,Nifty India Manufacturing,Thematic,31,18,24
2580.0,-0.22,2769.35,2997.65,27.62,Bearish,Bullish,-7.9,-11.12,-11.25,-28.67,-28.67,,3603.67,2580.0,-28.41,0.0,-28.41,197,Damaged,21.47,1.52,1.14,Stable,3,-4.19,-0.52,Death Cross,168,1.17,0.72,101.4,127.0,0.8,-1.86,-5.75,-8.71,Strong Bear,20.05,2.51,1.94,Nifty India Railways Psu,Thematic,45,54,54
8738.5,-0.5,9169.76,9241.1,27.76,Bearish,Bearish,-5.46,-7.45,-1.68,-5.4,-5.4,12.8,9765.75,8560.95,-10.52,2.07,-12.34,192,Correcting,14.77,1.05,1.11,Stable,6,-2.98,-0.11,Death Cross,9,1.0,0.9,105.3,98.1,1.07,0.58,-2.08,0.86,Strong Bear,21.56,2.52,1.04,Nifty Infrastructure,Thematic,20,48,43
14472.8,-0.94,15037.13,15168.51,30.82,Bearish,Bullish,-5.24,-5.21,3.94,-12.89,-12.89,6.33,16651.45,13339.65,-13.08,8.49,-19.89,245,Correcting,14.38,1.01,0.96,Stable,4,-3.5,0.27,Death Cross,13,0.95,0.87,89.6,94.5,0.95,0.79,0.16,6.47,Strong Bear,52.57,8.76,0.72,Nifty Non-Cyclical Consumer,Thematic,18,39,27
9343.7,-0.5,9733.74,9924.43,27.88,Bearish,Bearish,-3.57,-6.72,-4.07,-5.33,-5.33,17.62,10766.3,9343.7,-13.21,0.0,-13.21,110,Correcting,14.94,1.05,1.23,Rising,5,-1.33,-0.27,Death Cross,38,0.75,0.66,82.0,77.4,1.06,2.47,-1.34,-1.54,Strong Bear,10.6,1.66,2.76,Nifty Pse,Thematic,6,45,47
24644.95,-0.64,25546.0,24899.68,31.58,Bearish,Bullish,-6.98,-1.22,8.2,-5.59,-5.59,17.47,26871.95,21520.0,-8.29,14.52,-18.16,37,Recovering,19.69,1.24,1.07,Stable,8,-6.57,0.42,Golden Cross,60,1.31,0.88,121.0,111.5,1.09,-0.94,4.15,10.74,Bull,42.72,4.81,0.8,Nifty Transportation & Logistics,Thematic,38,14,17
