Symbol,Latest Quarter,Sales QoQ %,Sales YoY %,Profit QoQ %,Profit YoY %,OPM Latest %,OPM Prev Year %,Profit Growth Streak (Qtrs)
360ONE.NS,Jun 2026,9.96,34.58,14.53,16.14,63.0,62.0,9
3MINDIA.NS,Jun 2024,-4.38,-0.29,-9.25,21.71,20.0,16.0,9
AADHARHFC.NS,Jun 2026,0.81,17.1,-9.32,18.99,,,9
AARTIDRUGS.NS,Jun 2026,-2.36,18.95,-9.09,-7.41,14.0,13.0,0
AARTIIND.NS,Jun 2026,8.25,42.51,13.14,260.47,16.0,13.0,4
AARTIPHARM.NS,Jun 2026,-8.06,38.86,24.59,52.0,25.0,24.0,1
AASTHA.NS,Jun 2026,-45.24,-18.47,-71.36,-61.66,11.76,16.64,0
AAVAS.NS,Mar 2024,7.48,21.33,21.37,11.81,,,9
ABB.NS,Jun 2026,11.78,21.05,-79.71,2.84,13.0,14.0,2
ABBOTINDIA.NS,Jun 2026,6.08,4.37,8.61,17.21,29.0,26.0,9
ABCAPITAL.NS,Jun 2026,-9.5,28.17,16.91,43.33,,,3
ABDL.NS,Jun 2026,-2.78,6.07,18.42,-19.64,12.0,12.0,0
ABFRL.NS,Jun 2026,1.81,10.65,-51.83,-6.41,5.0,6.0,0
ABLBL.NS,Jun 2026,-5.89,11.14,-47.27,20.83,15.0,14.0,5
ABREL.NS,Jun 2026,127.71,29.45,-800.0,-29.63,-30.0,-29.0,0
ABSLAMC.NS,Jun 2026,1.09,3.58,65.24,11.55,56.0,59.0,1
ACC.NS,Jun 2026,-18.72,-4.58,-38.24,-60.8,8.0,13.0,0
ACE.NS,Jun 2026,-23.62,20.55,7.21,21.43,15.0,14.0,1
ACI.NS,Jun 2026,8.64,11.99,150.0,-25.0,21.0,27.0,0
ACMESOLAR.NS,Jun 2026,56.57,67.91,70.29,79.39,86.0,90.0,5
ACUTAAS.NS,Jun 2026,-23.79,59.42,-44.03,70.45,34.0,25.0,8
ADANIENSOL.NS,Jun 2026,30.47,42.41,71.09,129.5,31.0,27.0,2
ADANIENT.NS,Jun 2026,1.5,49.92,-775.45,-249.8,15.0,15.0,0
ADANIGREEN.NS,Jun 2026,26.53,16.61,91.25,19.3,90.0,80.0,2
ADANIPORTS.NS,Jun 2026,0.77,18.57,10.34,10.24,58.0,60.0,9
ADANIPOWER.NS,Jun 2026,32.9,33.97,13.95,47.26,42.0,40.0,2
ADVANCE.NS,Jun 2026,166.13,95.27,228.57,155.56,11.0,10.0,2
ADVENZYMES.NS,Jun 2026,-6.4,2.15,-13.33,-2.5,27.0,30.0,0
AEGISLOG.NS,Jun 2026,-9.14,37.11,19.78,211.43,30.0,14.0,9
AEGISVOPAK.NS,Jun 2026,-3.7,12.5,-6.76,-12.66,77.0,75.0,0
AEQUS.NS,Jun 2026,7.9,54.69,1.85,-1425.0,3.7,11.0,0
AEROPLANE.NS,Jun 2026,-4.46,55.14,85.0,131.25,9.0,10.0,3
AETHER.NS,Jun 2026,7.21,27.24,16.67,34.04,31.0,32.0,7
AFCONS.NS,Jun 2026,2.18,-20.74,133.71,-78.1,9.0,13.0,0
AFFLE.NS,Jun 2026,3.18,20.29,6.67,20.75,22.0,23.0,9
AGARWALEYE.NS,Jun 2026,8.87,26.08,10.0,44.74,28.0,26.0,7
AHCL.NS,Jun 2026,72.06,78.95,-25.2,-50.27,17.8,35.13,0
AHLUCONT.NS,Jun 2026,-14.83,12.04,-87.8,-80.39,4.2,9.0,0
AIAENG.NS,Jun 2026,-7.74,12.42,-23.41,-1.31,26.0,29.0,0
AIIL.NS,Jun 2026,372.67,20.99,1810.34,17.5,,,1
AJANTPHARM.NS,Jun 2026,14.35,24.79,25.09,30.98,26.0,27.0,9
AKUMS.NS,Jun 2026,0.78,13.96,24.69,55.38,15.0,13.0,1
ALIVUS.NS,Jun 2026,-7.11,6.31,-1.84,31.15,33.0,29.0,7
ALKEM.NS,Jun 2026,3.8,10.95,107.57,-22.01,20.0,22.0,0
ALKYLAMINE.NS,Mar 2020,-8.56,-0.84,-18.33,157.89,29.0,16.0,4
ALLTIME.NS,Jun 2026,10.96,2.53,33.33,-7.69,14.0,18.0,0
ALOKINDS.NS,Jun 2026,1.02,6.55,28.5,19.77,6.0,2.1,1
ALPINETEX.NS,Jun 2026,,,,,13.9,,0
AMAGI.NS,Jun 2026,10.08,32.42,0.0,750.0,7.0,-0.4,3
AMBER.NS,Jun 2026,-6.26,12.72,-98.09,-97.08,8.01,7.24,0
AMBUJACEM.NS,Jun 2026,-12.97,-7.67,-64.46,-36.6,17.0,19.0,0
ANANDRATHI.NS,Jun 2026,11.81,17.52,58.25,73.4,34.0,47.0,9
ANANTRAJ.NS,Jun 2026,-2.47,6.59,0.0,18.25,29.0,25.0,9
ANGELONE.NS,Jun 2026,-1.99,25.33,-27.81,102.63,34.0,24.0,2
ANNU.NS,Jun 2026,,,,,20.39,,0
ANTHEM.NS,Jun 2026,-31.59,-22.59,-36.84,-11.76,36.0,35.0,0
ANUP.NS,Jun 2026,-39.74,-28.52,-97.85,-97.83,7.56,23.03,0
ANURAS.NS,Jun 2026,2.99,34.77,-8.93,6.25,25.0,26.0,1
APARINDS.NS,Jun 2026,-0.18,29.13,84.58,77.57,11.0,9.0,6
APLAPOLLO.NS,Jun 2026,-10.56,8.45,-25.71,10.97,7.0,7.0,7
APLLTD.NS,Jun 2026,16.34,25.66,-14.85,11.69,15.0,16.0,2
APOLLO.NS,Jun 2026,-14.33,87.31,-32.43,38.89,21.0,31.0,9
APOLLOHOSP.NS,Jun 2026,6.63,20.58,10.71,38.32,16.0,15.0,9
APOLLOTYRE.NS,Jun 2026,0.85,12.76,-44.69,2584.62,12.0,13.0,3
APTUS.NS,Jun 2026,4.53,15.38,0.0,19.18,,,9
ARDEE.NS,Jun 2026,-4.24,,-16.67,,10.0,,0
ARE&M.NS,Jun 2026,19.2,23.93,-39.17,15.76,10.0,11.0,2
ARSSBL.NS,Jun 2026,-3.91,22.39,-45.24,0.0,40.0,37.0,0
ARVIND.NS,Jun 2026,-2.04,24.68,-64.85,5.45,10.0,9.0,2
ARVINDFASN.NS,Jun 2026,-6.37,15.45,-57.58,12.0,12.0,12.0,2
ASAHIINDIA.NS,Jun 2026,4.36,14.97,12.03,170.91,23.0,16.0,2
ASHAPURMIN.NS,Jun 2026,-17.93,19.17,-10.74,-5.26,11.0,13.0,0
ASHOKA.NS,Jun 2026,-23.23,-20.51,-13.61,-44.05,17.0,32.0,0
ASHOKLEY.NS,Jun 2026,-24.21,11.62,-51.63,1.52,18.0,19.0,8
ASIANPAINT.NS,Jun 2026,14.0,17.93,31.56,39.57,21.0,18.0,2
ASKAUTOLTD.NS,Jun 2026,18.4,52.41,18.06,28.79,12.0,13.0,9
ASTERDM.NS,Jun 2026,10.91,21.61,-81.17,-69.15,20.0,19.0,0
ASTRAL.NS,Jun 2026,-24.43,15.94,-43.66,51.9,15.0,14.0,2
ASTRAMICRO.NS,Jun 2026,-63.73,-11.5,-88.68,-25.0,19.0,20.0,0
ATGL.NS,Jun 2026,12.65,27.19,-15.48,-13.94,15.0,21.0,0
ATHERENERG.NS,Jun 2026,3.57,,49.0,,-2.7,,0
ATLANTAELE.NS,Jun 2026,-37.7,47.94,-53.92,51.61,17.0,15.0,3
ATUL.NS,Jun 2026,10.66,25.03,20.38,92.42,21.0,16.0,9
AUBANK.NS,Jun 2026,5.66,21.13,-4.33,37.01,,,3
AUGMONT.NS,Jun 2026,-36.83,,-8.96,,0.3,,0
AURIONPRO.NS,Jun 2026,3.47,6.23,-26.23,-11.76,17.0,20.0,0
AUROPHARMA.NS,Jun 2026,3.35,16.29,12.05,25.24,21.0,20.0,4
AVALON.NS,Jun 2026,0.83,49.85,-14.63,150.0,12.0,9.0,8
AVANTIFEED.NS,Jun 2026,29.43,18.31,-16.55,-37.63,6.0,13.0,0
AVL.NS,Jun 2026,90.88,26.91,250.0,40.0,10.0,10.0,9
AWFIS.NS,Jun 2026,3.66,26.87,4.35,140.0,38.0,38.0,3
AWL.NS,Jun 2026,-6.6,17.52,19.8,47.48,3.5,2.1,2
AXISBANK.NS,Jun 2026,4.01,9.87,0.37,22.15,,,3
AXISCADES.NS,Jun 2026,67.89,94.68,,-171.43,4.7,7.0,0
AYE.NS,Jun 2026,-7.38,17.78,-13.95,138.71,,,3
AZAD.NS,Jun 2026,6.79,26.28,-5.41,20.69,37.0,36.0,9
BAJAJ-AUTO.NS,Jun 2026,21.63,65.15,-8.68,44.3,21.0,21.0,5
BAJAJELEC.NS,Jun 2026,-12.18,2.25,170.59,4700.0,7.0,3.1,1
BAJAJFINSV.NS,Jun 2026,9.2,19.13,20.49,18.16,41.0,41.0,2
BAJAJHFL.NS,Jun 2026,5.51,17.09,6.88,22.64,,,9
BAJAJHLDNG.NS,Jun 2026,545.9,21.23,5.08,-22.72,87.0,87.0,0
BAJFINANCE.NS,Jun 2026,7.22,18.65,9.51,27.62,,,2
BALAMINES.NS,Jun 2026,15.44,27.37,20.0,110.81,25.0,15.0,2
BALKRISIND.NS,Jun 2026,17.8,25.18,50.84,56.6,22.0,18.0,1
BALRAMCHIN.NS,Jun 2026,2.06,6.16,-72.5,-15.38,7.0,9.0,0
BALUFORGE.NS,Jun 2026,14.02,29.18,0.0,15.79,28.0,31.0,9
BANCOINDIA.NS,Jun 2026,7.73,22.06,-17.01,10.91,18.0,19.0,1
BANDHANBNK.NS,Jun 2026,3.74,2.83,-5.99,34.95,,,2
BANKBARODA.NS,Jun 2026,1.74,6.84,-68.68,-47.71,,,0
BANKINDIA.NS,Jun 2026,2.68,8.83,6.96,80.45,,,4
BATAINDIA.NS,Jun 2026,18.24,3.93,3100.0,23.08,21.0,21.0,1
BAYERCROP.NS,Dec 2006,8.52,,112.5,,7.0,,0
BBOX.NS,Jun 2026,1.6,23.86,-13.85,19.15,9.0,8.0,2
BBTC.NS,Jun 2026,5.62,8.0,-25.35,17.07,16.0,15.0,6
BDL.NS,Jun 2026,19.17,130.65,5.31,561.11,15.0,-18.0,1
BECTORFOOD.NS,Jun 2026,12.96,16.07,11.43,25.81,13.0,12.0,3
BEL.NS,Jun 2026,-45.75,24.93,-52.61,8.88,25.0,28.0,9
BELRISE.NS,Jun 2026,-0.27,12.56,-6.15,8.93,12.0,12.0,6
BEML.NS,Jun 2026,-54.29,29.34,-115.0,57.81,0.2,-8.0,1
BERGEPAINT.NS,Jun 2026,24.97,11.97,20.9,28.57,17.0,17.0,2
BHARATCOAL.NS,Jun 2026,9.26,-3.58,-351.85,-138.42,-1.8,5.0,0
BHARATFORG.NS,Jun 2026,2.47,18.7,-138.63,-131.69,15.0,17.0,0
BHARTIARTL.NS,Jun 2026,5.7,18.35,8.27,34.9,57.0,56.0,1
BHARTIHEXA.NS,Jun 2026,3.98,10.91,7.83,22.96,53.0,51.0,1
BHEL.NS,Jun 2026,-37.47,40.3,-70.78,182.68,7.0,-10.0,4
BIKAJI.NS,Jun 2026,1.8,12.4,5.36,0.0,13.0,15.0,0
BIOCON.NS,Jun 2026,-4.01,9.99,-31.16,53.93,20.0,19.0,1
BIRET.NS,Jun 2026,1.46,51.71,309.26,67.42,72.0,70.0,1
BIRLACORPN.NS,Jun 2026,-6.7,7.82,-60.68,-3.33,13.0,14.0,0
BLACKBUCK.NS,Jun 2026,10.27,41.67,-36.36,23.53,24.0,28.0,1
BLEL.NS,Jun 2026,16.03,,-9.52,,18.0,,0
BLS.NS,Jun 2026,9.33,25.32,8.02,11.6,28.0,29.0,9
BLUEDART.NS,Jun 2026,8.15,14.98,79.59,79.59,16.0,14.0,1
BLUEJET.NS,Jun 2026,24.68,-17.46,21.88,-14.29,33.0,34.0,0
BLUESTARCO.NS,Jun 2026,-17.04,13.28,-54.63,-14.88,5.0,7.0,0
BLUESTONE.NS,Jun 2026,8.13,49.56,-80.89,117.15,14.5,11.11,5
BMWVENTLTD.NS,Jun 2026,-16.46,25.57,0.0,37.5,3.4,4.0,1
BORORENEW.NS,Jun 2026,-7.73,17.0,-48.52,142.86,31.0,18.0,4
BOSCHLTD.NS,Jun 2026,4.96,21.99,23.86,-36.74,14.0,13.0,0
BPCL.NS,Jun 2026,27.44,34.41,-133.3,-127.39,-2.7,9.0,0
BRIGADE.NS,Jun 2026,-23.46,-12.88,13.61,37.34,32.0,25.0,1
BRIGHOTEL.NS,Jun 2026,-6.62,2.42,-32.0,142.86,33.0,33.0,5
BRITANNIA.NS,Jun 2026,5.95,8.18,-12.79,14.04,17.0,16.0,7
BSE.NS,Jun 2026,0.13,63.47,9.81,62.27,67.0,65.0,8
BSOFT.NS,Jun 2026,2.22,7.32,-8.52,51.89,16.0,12.0,3
CAMPUS.NS,Jun 2022,-3.98,22.91,-27.5,190.0,18.0,24.0,1
CAMS.NS,Jun 2026,0.0,11.58,1.6,17.59,46.0,43.0,3
CANBK.NS,Jun 2026,3.51,4.55,13.27,60.28,,,1
CANFINHOME.NS,Jun 2026,2.05,7.45,-22.54,19.64,,,9
CANHLIFE.NS,Jun 2026,216.67,19.8,-20.0,21.74,-0.0,0.2,2
CAPILLARY.NS,Jun 2026,34.12,42.66,-122.02,-1373.33,15.7,9.92,0
CAPLIPOINT.NS,Jun 2026,1.67,19.61,3.47,18.54,35.0,35.0,9
CARBORUNIV.NS,Jun 2026,2.07,17.06,300.0,33.33,9.0,10.0,1
CARTRADE.NS,Jun 2026,-0.99,16.18,-19.72,21.28,31.0,25.0,9
CASTROLIND.NS,Jun 2026,21.1,24.98,43.8,42.62,26.0,23.0,2
CCAVENUE.NS,Jun 2026,7.63,109.38,-4.49,46.55,3.7,6.0,4
CCL.NS,Jun 2026,-1.96,13.64,1.74,62.5,16.0,15.0,6
CDSL.NS,Jun 2026,11.41,13.13,47.5,15.69,47.0,50.0,1
CEATLTD.NS,Jun 2026,2.35,22.36,-98.36,-96.43,8.45,10.97,0
CELLO.NS,Jun 2026,-19.42,-0.38,-18.89,-9.88,19.0,21.0,0
CEMPRO.NS,Jun 2026,-8.48,5.63,-41.74,2.92,10.0,9.0,9
CENTRALBK.NS,Jun 2026,0.29,12.79,77.14,3.19,,,1
CENTURYPLY.NS,Jun 2026,4.62,33.53,5.06,56.6,13.0,11.0,5
CERA.NS,Jun 2025,-27.37,5.24,-45.35,0.0,13.0,14.0,0
CESC.NS,Jun 2026,33.91,5.44,-8.71,3.71,16.0,17.0,5
CGCL.NS,Jun 2026,13.79,56.97,24.73,101.71,,,9
CGPOWER.NS,Jun 2026,-4.68,14.0,-15.15,15.36,12.0,13.0,6
CHALET.NS,Jun 2026,-8.24,-42.79,-47.24,-57.64,46.0,40.0,0
CHAMBLFERT.NS,Jun 2026,80.5,-11.78,210.06,-4.55,16.0,13.0,0
CHENNPETRO.NS,Jun 2026,62.75,84.78,-27.5,2677.5,6.0,0.7,4
CHOICEIN.NS,Jun 2026,0.98,31.91,-10.29,27.08,34.0,36.0,6
CHOLAFIN.NS,Jun 2026,5.22,21.87,0.67,45.52,,,9
CHOLAHLDNG.NS,Jun 2026,7.22,19.56,10.02,41.98,,,9
CIEINDIA.NS,Jun 2026,0.34,10.64,-5.22,15.69,15.0,14.0,4
CIPLA.NS,Jun 2026,8.84,2.33,44.75,-39.16,17.0,26.0,0
CLEAN.NS,Jun 2026,7.63,10.29,25.86,4.29,36.0,41.0,1
CLEANMAX.NS,Jun 2026,49.37,106.97,22.22,423.53,51.0,66.0,3
CMLL.NS,Jun 2026,14.86,,-55.22,,17.0,,0
CMPDI.NS,Jun 2026,-41.84,-35.0,-38.3,-58.12,30.0,45.0,0
CMRGREEN.NS,Jun 2026,32.05,91.95,3.03,195.65,4.3,3.0,1
CMSINFO.NS,Jun 2026,0.32,1.28,6.33,-10.64,27.0,25.0,0
COALINDIA.NS,Jun 2026,-0.51,7.77,-18.87,0.71,26.0,29.0,2
COCHINSHIP.NS,Jun 2026,-26.28,2.34,-45.29,-19.68,18.0,23.0,0
COFORGE.NS,Jun 2026,24.22,49.24,-20.12,49.44,19.0,16.0,8
COHANCE.NS,Jun 2026,-31.83,-23.13,-662.5,-197.83,0.3,20.0,0
COLPAL.NS,Jun 2026,0.5,11.79,-2.83,6.85,30.0,32.0,1
CONCOR.NS,Jun 2026,-4.55,0.28,1.89,0.75,21.0,20.0,1
CONCORDBIO.NS,Jun 2026,-21.17,25.98,-34.09,31.82,32.0,30.0,1
CORDELIA.NS,Jun 2026,23.38,,27.78,,24.0,,0
COROMANDEL.NS,Jun 2026,35.99,15.95,232.17,-23.9,9.0,11.0,0
CORONA.NS,Jun 2026,19.55,21.61,33.33,30.43,22.0,20.0,2
CPPLUS.NS,Jun 2026,-1.41,89.46,-15.98,330.3,15.0,8.0,3
CRAFTSMAN.NS,Jun 2026,9.25,36.32,30.17,115.71,16.0,15.0,5
CRAMC.NS,Jun 2026,39.42,19.83,85.37,24.59,70.0,68.0,1
CREDITACC.NS,Jun 2026,11.65,21.87,45.0,721.67,,,3
CRISIL.NS,Jun 2026,1.61,27.52,-7.3,25.58,29.0,28.0,8
CRIZAC.NS,Jun 2026,-48.72,-4.29,-37.84,0.0,30.0,29.0,0
CROMPTON.NS,Jun 2026,-2.1,11.86,126.93,15.32,10.0,10.0,1
CSBBANK.NS,Jun 2026,7.16,23.63,-25.74,26.05,,,8
CSM.NS,Jun 2026,-29.34,-28.45,-189.03,-258.32,-17.82,16.94,0
CUB.NS,Jun 2026,6.95,23.68,6.39,25.16,,,9
CUMMINSIND.NS,Jun 2026,13.78,17.85,-6.16,0.83,18.0,21.0,2
CUPID.NS,Jun 2026,29.17,158.33,22.22,193.33,39.0,28.0,5
CYIENT.NS,Jun 2026,7.73,21.26,65.15,-30.57,13.0,13.0,0
DABUR.NS,Jun 2026,23.9,10.54,61.88,15.35,20.0,20.0,5
DALBHARAT.NS,Jun 2026,-8.36,6.99,-51.27,-51.39,21.0,24.0,0
DATAMATICS.NS,Jun 2026,-0.96,9.83,60.0,44.0,20.0,16.0,1
DATAPATTNS.NS,Jun 2026,-66.38,17.17,-84.06,-15.38,27.0,32.0,0
DBCORP.NS,Jun 2026,4.86,8.05,62.9,24.69,23.0,20.0,2
DBL.NS,Jun 2026,3.39,-9.24,3.23,-52.77,18.0,20.0,0
DBREALTY.NS,Jun 2026,27.48,-86.82,97.74,-109.69,20.81,-3.56,0
DCBBANK.NS,Jun 2026,4.04,9.37,3.4,35.67,,,9
DCMSHRIRAM.NS,Jun 2026,11.62,9.26,86.79,507.89,9.0,9.0,2
DEEPA.NS,Sep 2025,,,,,8.0,,0
DEEPAKFERT.NS,Jun 2026,8.14,22.45,252.52,100.82,26.0,19.0,1
DEEPAKNTR.NS,Jun 2026,21.6,36.4,56.82,208.04,21.0,10.0,3
DELHIVERY.NS,Jun 2026,2.84,27.77,-55.56,-64.84,4.8,6.0,0
DEVYANI.NS,Jun 2026,10.02,16.51,270.0,750.0,16.0,15.0,2
DHOOTTRANS.NS,Jun 2026,13.23,,40.0,,15.0,,0
DIACABS.NS,Jun 2026,-0.86,128.48,1.75,262.5,11.0,10.0,4
DIVISLAB.NS,Jun 2026,8.8,27.8,20.11,65.5,41.0,30.0,2
DIXON.NS,Jun 2026,47.92,21.13,140.94,156.43,3.0,3.8,1
DLF.NS,Jun 2026,-29.44,-52.89,-37.43,4.06,12.0,13.0,1
DMART.NS,Jun 2026,6.28,14.88,31.1,11.25,8.0,8.0,4
DOMS.NS,Jun 2026,11.09,19.4,-22.41,-23.73,12.0,18.0,0
DRREDDY.NS,Jun 2026,7.34,-5.51,97.29,-69.08,11.0,25.0,0
DYNAMATECH.NS,Jun 2026,-1.85,14.56,61.54,90.91,13.0,10.0,1
EBGNG.NS,Jun 2026,-36.81,32.05,-30.95,52.63,12.0,10.0,5
ECLERX.NS,Jun 2026,4.07,23.21,-13.68,15.49,23.0,24.0,6
EDELWEISS.NS,Jun 2026,21.38,3.65,1.52,30.1,25.0,35.0,1
EICHERMOT.NS,Jun 2026,9.08,31.54,-3.75,21.41,24.0,24.0,9
EIDPARRY.NS,Jun 2026,14.41,3.42,208.71,-32.76,8.0,9.0,0
EIEL.NS,Jun 2026,-15.93,48.96,-16.67,7.14,21.0,27.0,1
EIHOTEL.NS,Jun 2026,-26.59,14.46,-51.81,224.32,25.0,28.0,1
ELECON.NS,Jun 2026,-30.16,6.11,1066.67,-60.0,21.0,27.0,0
ELECTCAST.NS,Jun 2026,-4.49,-8.47,200.0,-46.07,7.0,11.0,0
ELGIEQUIP.NS,Jun 2026,-4.58,22.49,-19.53,19.77,15.0,14.0,6
ELLEN.NS,Jun 2026,13.79,17.86,52.17,84.21,38.0,37.0,9
EMAMILTD.NS,Jun 2026,12.32,14.93,-2.8,-15.24,22.0,23.0,0
EMBASSY.NS,Jun 2026,2.99,17.08,145.35,25.81,77.0,77.0,1
EMBDL.NS,Jun 2026,-36.55,-68.14,27.55,-40.96,-60.0,-1.6,0
EMCURE.NS,Jun 2026,4.45,22.8,19.67,35.81,21.0,20.0,9
EMIL.NS,Jun 2026,26.45,39.1,202.5,450.0,10.0,6.0,2
EMMVEE.NS,Jun 2026,-10.52,51.36,-3.06,102.13,35.0,34.0,4
ENDURANCE.NS,Jun 2026,5.6,30.01,-11.23,8.41,12.0,13.0,9
ENGINERSIN.NS,Jun 2026,-11.45,-5.75,-19.39,143.08,15.0,8.0,1
ENRIN.NS,Jun 2026,3.84,39.27,17.6,67.68,24.0,19.0,5
ENTERO.NS,Jun 2026,1.57,38.18,15.56,73.33,5.0,3.6,9
EPACKPEB.NS,Jun 2026,-22.29,24.07,-40.0,12.5,9.0,10.0,5
EPL.NS,Jun 2026,6.77,25.27,-1.94,0.0,19.0,20.0,0
EQUITASBNK.NS,Jun 2026,6.75,18.86,-13.62,182.14,,,4
ERIS.NS,Jun 2026,15.32,12.94,-48.75,14.4,34.0,36.0,6
ESCORTS.NS,Jun 2026,8.09,28.32,20.25,-72.37,11.0,13.0,0
ESDS.NS,Jun 2026,-20.24,,-57.35,,42.0,,0
ETERNAL.NS,Jun 2026,16.88,182.0,-47.13,268.0,2.9,1.6,3
ETHOSLTD.NS,Jun 2026,11.59,33.53,26.09,52.63,13.0,13.0,1
EUREKAFORB.NS,Jun 2026,2.34,15.13,11.76,46.15,10.0,10.0,2
EUROPRATIK.NS,Jun 2026,10.75,58.46,-9.09,122.22,26.0,34.0,3
EXCELSOFT.NS,Jun 2026,-1.11,44.04,-44.4,57.24,16.25,18.02,1
EXIDEIND.NS,Jun 2026,16.75,17.74,61.75,27.64,11.0,11.0,3
FABTECH.NS,Jun 2026,-52.7,10.25,-80.92,168.68,5.65,-9.13,2
FACT.NS,Dec 2025,-3.74,65.23,-423.81,-950.0,-2.7,3.3,0
FEDERALBNK.NS,Jun 2026,-1.07,9.94,-6.47,36.91,,,3
FEDFINA.NS,Jun 2026,8.77,29.59,12.87,52.0,,,6
FIEMIND.NS,Jun 2026,3.2,17.6,-8.45,12.07,13.0,14.0,9
FINCABLES.NS,Jun 2026,3.18,44.2,11.16,52.76,12.0,10.0,4
FINPIPE.NS,Jun 2026,-32.72,-15.24,-55.94,17.35,12.0,9.0,4
FIRSTCRY.NS,Jun 2026,-2.64,13.04,8.33,34.33,2.8,1.8,2
FIVESTAR.NS,Jun 2026,1.47,5.34,0.74,1.88,,,1
FLUOROCHEM.NS,Jun 2026,16.0,23.97,119.0,20.33,27.0,27.0,1
FORCEMOT.NS,Jun 2026,-4.31,6.23,-22.22,23.3,13.0,14.0,1
FORTIS.NS,Jun 2026,7.61,17.44,0.74,2.25,21.0,23.0,2
FRACTAL.NS,Jun 2026,2.93,20.0,-37.93,89.47,13.0,11.0,3
FSL.NS,Jun 2026,5.5,22.86,-19.02,-1.78,17.0,16.0,0
GABRIEL.NS,Jun 2026,3.26,15.56,-9.24,2.86,9.0,10.0,2
GAEL.NS,Jun 2026,8.66,23.47,31.11,172.31,15.0,7.0,2
GAIL.NS,Jun 2026,15.8,16.67,215.4,96.1,17.0,10.0,1
GAJA.NS,Jun 2026,-20.0,,575.0,,-13.0,,0
GALLANTT.NS,Jun 2026,-4.9,1.6,0.81,-28.74,16.0,22.0,0
GANESHCP.NS,Jun 2026,-13.3,-6.9,30.0,30.0,11.0,10.0,4
GAUDIUMIVF.NS,Jun 2026,-36.14,9.12,-78.71,-42.02,12.54,29.0,0
GEMAROMA.NS,Jun 2026,-10.47,12.8,-879.21,-198.62,3.34,16.96,0
GESHIP.NS,Jun 2026,32.69,66.94,25.38,159.72,67.0,54.0,4
GHCL.NS,Mar 2026,4.49,1.28,9.43,-22.67,22.0,28.0,0
GICRE.NS,Jun 2026,10.62,-1.52,-31.15,-31.09,14.0,18.0,0
GILLETTE.NS,Jun 2026,-1.14,10.75,-17.62,8.9,29.0,30.0,9
GKENERGY.NS,Jun 2026,5.87,55.38,1.69,62.16,16.0,18.0,3
GKSL.NS,Jun 2026,12.13,124.71,10.37,-1.48,24.41,56.49,0
GLAND.NS,Jun 2026,3.27,19.52,-13.62,47.44,27.0,24.0,5
GLAXO.NS,Jun 2026,-5.73,16.52,-14.75,15.61,31.0,31.0,9
GLENMARK.NS,Jun 2026,6.55,23.1,60.47,927.66,20.0,18.0,4
GLOTTIS.NS,Jun 2026,19.9,,0.0,,7.0,,0
GMDCLTD.NS,Jun 2026,11.43,23.74,-15.98,-0.61,21.0,23.0,0
GMMPFAUDLR.NS,Jun 2026,-2.01,16.35,46.67,120.0,10.0,13.0,2
GMRAIRPORT.NS,Jun 2026,0.74,23.78,-63.0,208.03,37.0,36.0,2
GMRP&UI.NS,Jun 2026,-14.92,3.46,69.3,-400.0,26.0,24.0,0
GNFC.NS,Jun 2026,1.36,39.79,-21.21,275.9,18.0,1.9,2
GODFRYPHLP.NS,Jun 2026,-32.51,-18.84,-62.0,-44.38,15.0,23.0,0
GODIGIT.NS,Jun 2026,-10.48,8.54,-42.28,-37.68,4.7,7.0,0
GODREJAGRO.NS,Jun 2026,22.37,9.22,25.49,-14.09,8.0,10.0,0
GODREJCP.NS,Jun 2026,8.33,15.37,11.73,11.73,19.0,19.0,2
GODREJIND.NS,Jun 2026,-29.19,22.15,-37.81,-27.86,11.0,9.0,0
GODREJPROP.NS,Jun 2026,-85.37,16.32,-45.89,-41.64,-58.0,-62.0,0
GOKEX.NS,Jun 2026,7.95,20.71,22.22,7.32,10.0,10.0,1
GOKULAGRO.NS,Jun 2026,-14.81,7.27,3.36,70.83,3.9,2.7,9
GPIL.NS,Jun 2026,8.7,32.28,-20.71,2.78,19.0,24.0,2
GPPL.NS,Jun 2026,4.73,32.8,4.23,42.31,64.0,59.0,4
GRANULES.NS,Jun 2026,0.41,22.07,-10.89,59.29,23.0,20.0,4
GRAPHITE.NS,Jun 2026,3.19,26.62,262.86,28.57,17.0,6.0,1
GRASIM.NS,Jun 2026,-4.67,21.43,4.4,38.79,23.0,22.0,6
GRAVITA.NS,Jun 2026,25.75,41.83,15.22,13.98,7.0,10.0,1
GREAVESCOT.NS,Jun 2026,-2.61,30.68,180.0,-70.46,5.78,7.64,0
GRINDWELL.NS,Jun 2026,-4.63,14.22,-3.36,22.34,20.0,18.0,5
GROWW.NS,Jun 2026,-0.27,66.04,7.14,94.44,65.0,53.0,2
GRSE.NS,Jun 2026,-14.35,38.55,-42.9,44.17,8.0,9.0,9
GRWRHITECH.NS,Jun 2026,6.03,27.88,23.15,60.24,27.0,22.0,2
GSFC.NS,Jun 2026,36.08,64.06,205.77,14.39,6.0,9.0,1
GSPCROP.NS,Jun 2026,-3.98,2.39,30.0,13.04,11.0,11.0,1
GVT&D.NS,Jun 2026,12.16,38.05,3.12,24.74,25.0,29.0,9
HAL.NS,Jun 2026,-60.44,14.44,-62.11,14.88,28.0,27.0,4
HAPPSTMNDS.NS,Jun 2026,4.14,14.36,11.48,19.3,19.0,17.0,2
HATHWAY.NS,Jun 2026,3.48,6.6,127.27,-19.35,13.0,17.0,0
HAVELLS.NS,Jun 2026,-2.79,19.49,-59.89,-16.67,7.0,9.0,0
HBLENGINE.NS,Jun 2026,5.63,5.98,70.31,-23.78,23.0,32.0,0
HCC.NS,Jun 2026,0.1,-8.98,-13.56,0.0,11.0,16.0,0
HCG.NS,Jun 2026,6.6,13.38,300.0,166.67,18.0,18.0,1
HCLTECH.NS,Jun 2026,1.76,13.94,3.03,20.34,20.0,20.0,2
HDBFS.NS,Mar 2025,2.94,,12.5,,,,0
HDFCAMC.NS,Jun 2026,4.56,13.64,34.35,11.9,77.0,80.0,1
HDFCBANK.NS,Jun 2026,3.89,3.67,-3.28,19.27,,,4
HDFCLIFE.NS,Jun 2026,69.73,14.58,22.94,11.5,1.5,1.5,2
HEGAM.NS,Jun 2026,12.94,11.09,207.02,16.19,22.0,17.0,1
HEMIPROP.NS,Jun 2026,-42.31,-37.5,-86.05,-21.21,-1080.0,-945.83,0
HERITGFOOD.NS,Jun 2026,15.54,17.68,4.17,-39.02,4.6,6.0,0
HEROMOTOCO.NS,Jun 2026,1.14,34.93,-3.8,-16.88,13.0,15.0,0
HEXAGON.NS,Jun 2026,-9.33,-2.07,-25.96,3.99,11.25,11.88,1
HEXT.NS,Jun 2026,6.42,17.91,-6.25,-13.16,16.0,12.0,0
HFCL.NS,Jun 2026,4.99,119.86,33.7,948.28,22.0,3.3,3
HGINFRA.NS,Jun 2026,-22.85,-25.71,-152.94,-145.45,28.0,18.0,0
HILINFRA.NS,Jun 2026,10.43,170.91,-87.8,-85.26,1.25,10.3,0
HINDALCO.NS,Jun 2026,8.56,32.06,170.04,75.15,16.0,12.0,1
HINDCOPPER.NS,Jun 2026,-19.03,81.4,-20.72,162.69,54.0,41.0,6
HINDPETRO.NS,Jun 2026,22.31,26.85,-302.23,-398.35,-11.0,7.0,0
HINDUNILVR.NS,Jun 2026,6.05,10.05,-10.49,-3.18,23.0,23.0,0
HINDZINC.NS,Jun 2026,1.5,76.9,8.66,144.81,59.0,50.0,4
HOMEFIRST.NS,Jun 2026,7.39,18.5,7.38,34.45,,,9
HONASA.NS,Jun 2026,15.07,27.06,30.43,119.51,15.0,8.0,5
HONAUT.NS,Jun 2026,1.95,1.78,-5.62,20.8,14.0,12.0,2
HORIZONIND.NS,Jun 2026,6.91,,-1300.0,,80.0,,0
HSCL.NS,Jun 2026,11.18,28.09,9.62,27.37,20.0,22.0,9
HTEL.NS,Jun 2026,-23.26,,-29.56,,19.61,,0
HUDCO.NS,Jun 2026,4.32,26.56,-57.04,35.08,,,2
HYUNDAI.NS,Jun 2026,-13.64,-0.48,-29.22,-35.06,9.0,13.0,0
ICICIAMC.NS,Jun 2026,1.43,17.51,25.49,23.09,72.0,71.0,3
ICICIBANK.NS,Jun 2026,5.34,6.44,3.79,12.59,,,2
ICICIGI.NS,Jun 2026,3.85,10.82,-26.33,-46.05,7.0,15.0,0
ICICIPRULI.NS,Mar 2026,-86.05,-79.7,61.24,62.08,-24.0,2.6,8
ICIL.NS,Jun 2026,14.08,25.86,162.5,61.54,12.0,12.0,2
IDBI.NS,Jun 2026,-3.27,7.43,5.86,5.29,,,1
IDEA.NS,Jun 2026,3.15,6.05,-107.22,43.19,43.0,42.0,4
IDFCFIRSTB.NS,Jun 2026,4.72,14.61,246.83,153.42,,,4
IEX.NS,Jun 2026,-9.2,11.27,3.85,11.57,83.0,81.0,9
IFBIND.NS,Jun 2026,5.81,18.46,0.0,65.38,6.0,4.6,2
IFCI.NS,Jun 2026,-30.43,-19.66,76.47,-3.23,,,0
IGCL.NS,Jun 2026,11.76,-10.99,-79.24,-37.73,5.67,5.24,0
IGIL.NS,Jun 2026,0.54,23.26,-7.78,30.71,60.0,58.0,7
IGL.NS,Jun 2026,10.18,17.19,-29.79,-44.39,6.0,13.0,0
IIFL.NS,Jun 2026,6.15,32.71,14.45,160.22,,,4
IIFLCAPS.NS,Jun 2026,-2.02,2.27,60.0,4.55,36.0,36.0,1
IKS.NS,Jun 2026,4.2,20.81,-5.83,27.63,32.0,32.0,7
IMFA.NS,Jun 2026,25.82,49.53,87.38,107.53,29.0,20.0,3
INDGN.NS,Jun 2026,5.98,39.68,45.0,0.0,16.0,20.0,0
INDHOTEL.NS,Jun 2026,-15.41,14.6,-39.38,18.84,29.0,28.0,3
INDIACEM.NS,Jun 2026,-17.09,-0.59,-55.0,120.3,15.0,8.0,2
INDIAGLYCO.NS,Jun 2026,15.78,8.65,11.49,32.88,15.0,14.0,9
INDIAMART.NS,Jun 2026,2.48,11.29,244.0,11.69,32.0,32.0,1
INDIANB.NS,Jun 2026,3.47,11.11,5.77,47.43,,,4
INDIASHLTR.NS,Mar 2026,4.62,24.77,11.29,27.78,,,9
INDIGO.NS,Jun 2026,9.56,19.95,90.62,-110.94,13.0,26.0,0
INDIGOPNTS.NS,Jun 2026,-12.94,19.74,-28.81,61.54,17.0,14.0,4
INDIQUBE.NS,Jun 2026,5.49,36.89,-4.35,35.14,61.0,61.0,2
INDOMIM.NS,Jun 2026,16.32,,72.66,,33.0,,0
INDUSINDBK.NS,Jun 2026,2.77,-7.78,74.58,71.69,,,2
INDUSTOWER.NS,Jun 2026,4.07,4.63,-2.62,0.52,53.0,54.0,2
INFY.NS,Jun 2026,3.9,14.03,-8.63,12.29,24.0,24.0,2
INNOVISION.NS,Jun 2026,-1.38,18.29,-161.92,-159.37,-3.82,7.18,0
INOXGREEN.NS,Jun 2026,-37.68,-23.21,46.43,86.36,-2.2,11.0,5
INOXINDIA.NS,Jun 2026,-19.52,9.12,-22.67,-4.92,20.0,22.0,0
INOXWIND.NS,Jun 2026,-34.57,-1.45,-39.62,-34.02,19.0,22.0,0
INTELLECT.NS,Jun 2026,-0.24,20.37,-15.0,8.51,20.0,20.0,1
IOB.NS,Jun 2026,3.4,18.83,10.28,45.67,,,9
IOC.NS,Jun 2026,27.9,38.51,-107.52,-116.76,1.5,7.0,0
IONEXCHANG.NS,Jun 2026,-18.86,20.11,-87.4,-93.68,4.53,10.72,0
IPCALAB.NS,Jun 2026,16.75,20.74,38.11,81.97,24.0,18.0,9
IRB.NS,Jun 2026,10.9,1.81,3.38,51.49,54.0,45.0,2
IRCON.NS,Jun 2026,-38.66,9.52,-51.83,-43.9,10.0,11.0,0
IRCTC.NS,Jun 2026,-6.16,18.1,1.23,-0.3,28.0,34.0,0
IREDA.NS,Jun 2026,3.4,15.45,-31.24,37.25,,,1
IRFC.NS,Jun 2026,12.61,19.46,14.43,10.37,,,5
ITC.NS,Jun 2026,7.23,-11.08,-17.57,-15.61,27.0,32.0,0
ITCHOTELS.NS,Jun 2026,-25.36,14.71,-42.59,35.82,31.0,30.0,5
ITI.NS,Jun 2026,-32.32,-14.66,-107.34,50.0,0.4,-1.5,9
IVALUE.NS,Jun 2026,-34.07,-21.05,-62.79,60.0,10.0,4.4,2
IXIGO.NS,Jun 2026,15.91,12.97,6.25,78.95,6.0,7.0,3
J&KBANK.NS,Jun 2026,8.37,8.5,-46.31,-11.55,,,0
JAIBALAJI.NS,Sep 2025,-0.29,-13.1,-63.38,-83.01,5.0,15.0,0
JAINREC.NS,Jun 2026,-12.27,75.86,4.55,21.05,4.0,6.0,4
JAMNAAUTO.NS,Jun 2026,-27.26,6.63,-43.68,6.52,14.0,13.0,3
JARO.NS,Jun 2026,-2.74,16.39,-47.62,37.5,21.0,23.0,3
JAYNECOIND.NS,Jun 2026,6.74,27.77,1.57,108.6,19.0,19.0,2
JBMA.NS,Jun 2026,-22.14,14.99,-47.62,12.82,11.0,10.0,9
JINDALSAW.NS,Jun 2026,-3.91,8.98,-26.61,-78.07,9.0,16.0,0
JINDALSTEL.NS,Jun 2026,-4.54,25.93,-18.92,-43.58,17.0,24.0,0
JIOFIN.NS,Jun 2026,96.66,227.45,205.15,155.38,70.0,75.0,1
JKCEMENT.NS,Jun 2026,3.7,20.25,-16.92,-15.12,16.0,21.0,0
JKLAKSHMI.NS,Jun 2026,0.16,9.42,-13.6,-28.0,14.0,18.0,0
JKPAPER.NS,Jun 2026,-4.02,13.61,51.11,61.9,15.0,15.0,2
JKTYRE.NS,Jun 2026,-6.56,1.99,-75.28,-73.01,7.0,10.0,0
JLHL.NS,Jun 2026,5.93,16.43,-24.0,-13.64,19.0,22.0,0
JMFINANCIL.NS,Jun 2026,26.55,8.1,127.78,-19.61,58.0,76.0,0
JNPR.NS,Jun 2026,36.62,,50.0,,90.0,,0
JPPOWER.NS,Jun 2026,28.14,12.19,3707.69,68.71,43.0,38.0,1
JSFB.NS,Jun 2026,4.84,22.08,10.71,51.96,,,2
JSL.NS,Jun 2026,-0.51,10.5,-7.79,7.55,12.0,13.0,6
JSLL.NS,Jun 2026,3.7,28.74,46.67,29.41,41.0,45.0,4
JSWCEMENT.NS,Jun 2026,0.05,21.54,-57.73,111.2,16.0,21.0,4
JSWDULUX.NS,Jun 2026,9.29,-3.02,-36.51,-12.09,12.0,14.0,0
JSWENERGY.NS,Jun 2026,15.74,1.24,-7.14,-36.24,55.0,54.0,0
JSWINFRA.NS,Jun 2026,-5.06,18.06,-15.57,-8.21,47.0,47.0,0
JSWSTEEL.NS,Jun 2026,-7.46,9.77,-75.6,112.58,20.0,17.0,6
JUBLFOOD.NS,Jun 2026,2.84,13.67,21.95,6.38,20.0,19.0,5
JUBLINGREA.NS,Jun 2026,10.26,25.24,23.26,41.33,15.0,14.0,2
JUBLPHARMA.NS,Jun 2026,-2.66,17.25,-52.94,-45.1,11.0,15.0,0
JUSTDIAL.NS,Mar 2024,1.89,15.88,26.09,38.1,26.0,14.0,7
JWL.NS,Jun 2026,-13.97,46.19,-3.7,-16.13,10.0,13.0,0
JYOTHYLAB.NS,Mar 2025,-5.26,1.06,-12.64,-2.56,17.0,16.0,0
JYOTICNC.NS,Jun 2026,-15.19,23.9,-37.36,-19.72,21.0,24.0,0
KAJARIACER.NS,Jun 2026,-3.28,20.4,8.92,55.45,20.0,17.0,5
KALYANKJIL.NS,Jun 2026,3.06,45.69,-14.88,32.2,6.0,7.0,7
KANOHAR.NS,Sep 2025,,,,,26.0,,0
KANSAINER.NS,Jun 2026,21.49,9.81,107.27,5.56,14.0,14.0,2
KARAMTARA.NS,Sep 2024,34.19,,51.28,,11.0,,0
KARURVYSYA.NS,Jun 2026,4.99,18.68,4.28,45.11,,,9
KAYNES.NS,Jun 2026,-23.89,40.56,-38.46,-25.33,16.0,17.0,0
KEC.NS,Jun 2026,-21.38,0.02,-62.18,-41.6,6.0,7.0,0
KEI.NS,Jun 2026,-8.37,22.97,-3.52,39.8,12.0,10.0,9
KFINTECH.NS,Jun 2026,2.88,30.29,-7.41,-2.6,34.0,41.0,0
KIMS.NS,Jun 2026,9.77,35.32,12.12,-56.47,19.0,22.0,0
KIRLOSBROS.NS,Jun 2026,-21.91,12.87,-39.29,0.0,10.0,11.0,0
KIRLOSENG.NS,Jun 2026,-5.48,13.51,-28.39,-20.14,15.0,19.0,0
KIRLPNU.NS,Jun 2026,-57.44,7.45,-77.08,32.0,15.0,12.0,9
KISSHT.NS,Jun 2026,8.24,81.57,15.85,75.93,31.0,33.0,1
KITEX.NS,Jun 2026,-4.82,-19.8,-88.89,-189.47,6.0,17.0,0
KNACK.NS,Jun 2026,22.43,,29.17,,20.0,,0
KNRCON.NS,Jun 2026,-15.52,-4.08,-23.58,-34.15,16.0,30.0,0
KOTAKBANK.NS,Jun 2026,2.96,6.42,1.05,22.54,,,3
KPIGREEN.NS,Jun 2026,-12.81,15.09,-38.71,-14.41,35.0,34.0,0
KPIL.NS,Jun 2026,-17.61,3.84,-27.61,45.79,9.0,9.0,6
KPITTECH.NS,Jun 2026,-2.1,8.84,-28.83,-32.56,15.0,19.0,0
KPRMILL.NS,Jun 2026,8.46,9.63,14.1,21.6,19.0,18.0,5
KRBL.NS,Jun 2026,-1.97,-5.56,68.39,72.85,21.0,12.0,6
KRN.NS,Jun 2026,40.78,119.13,43.48,175.0,19.0,15.0,4
KRT.NS,Jun 2026,3.84,,134.58,,84.0,,0
KSB.NS,Jun 2026,14.98,3.6,42.5,-18.57,12.0,14.0,0
KSCL.NS,Jun 2026,593.46,-13.62,1100.0,-14.37,40.0,39.0,0
KSHINTL.NS,Jun 2026,14.34,108.23,20.0,82.61,6.0,7.0,2
KTKBANK.NS,Jun 2026,5.58,5.4,2.7,43.49,,,3
KUSUMGAR.NS,Jun 2026,-21.09,,-47.56,,30.0,,0
LALITHAA.NS,Jun 2026,-7.22,,-39.88,,6.0,,0
LALPATHLAB.NS,Jun 2026,13.51,19.1,28.79,26.87,31.0,29.0,1
LASERPOWER.NS,Jun 2026,-22.55,,-41.67,,13.0,,0
LATENTVIEW.NS,Jun 2026,-0.69,21.61,-14.55,-7.84,20.0,21.0,0
LAURUSLABS.NS,Jun 2026,11.81,29.04,28.37,123.46,32.0,24.0,7
LAXMIINDIA.NS,Jun 2026,1.08,34.29,-19.05,70.0,,,3
LCL.NS,Jun 2026,-1.57,,-7.04,,20.0,,0
LEAPIND.NS,Jun 2026,-0.49,,-3.85,,51.0,,0
LEMONTREE.NS,Jun 2026,-17.07,9.18,-50.86,18.75,43.0,44.0,8
LENSKART.NS,Jun 2026,7.87,43.29,11.76,273.77,22.0,18.0,1
LGEINDIA.NS,Jun 2026,-10.19,15.49,-5.77,27.29,12.0,11.0,1
LICHSGFIN.NS,Jun 2026,-0.16,-1.43,0.4,9.9,,,2
LICI.NS,Jun 2026,-13.33,6.76,-42.11,24.0,6.0,4.7,7
LINDEINDIA.NS,Jun 2026,13.03,21.54,36.36,-1.87,29.0,34.0,0
LLOYDSENGG.NS,Jun 2026,6.46,142.86,47.83,126.67,13.0,12.0,5
LLOYDSENT.NS,Jun 2026,-21.81,70.09,59.42,-55.82,16.0,7.0,0
LLOYDSME.NS,Jun 2026,22.16,208.47,13.33,170.09,38.0,33.0,5
LODHA.NS,Jun 2026,6.0,43.1,36.21,103.41,38.0,28.0,9
LOTUSDEV.NS,Jun 2026,-57.14,116.39,-54.46,76.92,36.0,48.0,3
LT.NS,Jun 2026,-17.91,6.69,-18.67,15.52,12.0,13.0,1
LTF.NS,Jun 2026,9.26,22.37,13.23,30.67,,,6
LTFOODS.NS,Jun 2026,8.43,27.92,34.56,8.93,11.0,11.0,1
LTM.NS,Jun 2026,2.8,17.96,5.91,17.05,18.0,17.0,2
LTTS.NS,Jun 2026,2.87,11.45,7.21,12.97,19.0,17.0,2
LUMAXTECH.NS,Jun 2026,-3.74,32.94,1.02,83.33,14.0,12.0,9
LUMINO.NS,Jun 2026,-26.83,,-39.39,,14.0,,0
LUPIN.NS,Jun 2026,10.73,32.05,-3.54,16.05,30.0,28.0,9
LXCHEM.NS,Jun 2026,31.7,39.68,209.09,223.81,12.0,4.4,1
M&M.NS,Jun 2026,5.83,27.8,14.03,37.03,19.0,18.0,8
M&MFIN.NS,Jun 2026,3.23,14.57,-1.38,75.24,,,2
MAHABANK.NS,Jun 2026,3.61,13.91,-1.08,34.51,,,9
MAHSCOOTER.NS,Jun 2026,-10.28,-81.52,-17.21,-90.61,84.1,96.31,0
MAHSEAMLES.NS,Jun 2026,-14.77,-4.72,158.25,15.65,16.0,14.0,1
MANAPPURAM.NS,Jun 2026,16.07,34.13,44.44,343.18,,,2
MANIPALHOS.NS,Jun 2026,7.25,,29.95,,24.0,,0
MANKIND.NS,Jun 2026,17.08,12.91,2.68,28.99,26.0,24.0,3
MANORAMA.NS,Jun 2026,3.32,39.31,51.92,68.09,26.0,26.0,4
MANYAVAR.NS,Sep 2024,11.67,22.94,8.06,36.73,46.0,43.0,1
MAPMYINDIA.NS,Jun 2026,-3.45,14.75,-1.96,8.7,40.0,45.0,2
MARICO.NS,Jun 2026,19.87,22.85,59.8,27.1,21.0,20.0,3
MARKSANS.NS,Jun 2026,-1.75,35.65,6.71,174.14,25.0,16.0,4
MARUTI.NS,Jun 2026,0.02,35.92,-5.79,-9.1,8.0,12.0,0
MASTEK.NS,Jun 2026,5.01,7.65,0.0,15.22,15.0,15.0,3
MAXHEALTH.NS,Jun 2026,10.41,16.67,-5.56,4.87,25.0,26.0,6
MAZDOCK.NS,Jun 2026,-23.56,12.07,-18.4,21.68,15.0,11.0,4
MBEL.NS,Jun 2026,-20.05,22.27,-18.52,22.22,11.0,12.0,1
MCX.NS,Jun 2026,-21.03,88.2,-22.08,103.45,70.0,65.0,9
MEDANTA.NS,Jun 2026,12.51,26.48,10.56,-1.26,22.0,24.0,0
MEDPLUS.NS,Jun 2026,0.86,21.84,-48.44,-21.43,7.0,8.0,0
MEESHO.NS,Jun 2026,5.15,48.28,19.88,53.98,-6.0,-11.0,2
MEIL.NS,Jun 2026,-29.87,40.34,-41.02,101.61,8.85,11.12,1
METROPOLIS.NS,Jun 2026,5.88,16.58,11.76,26.67,25.0,23.0,5
MFSL.NS,Jun 2026,38.59,16.75,468.75,37.21,1.1,0.9,1
MGL.NS,Jun 2026,15.64,13.92,48.46,-39.5,14.0,24.0,0
MIDHANI.NS,Jun 2026,-56.78,40.59,-79.49,23.08,15.0,20.0,3
MIDWESTLTD.NS,Jun 2026,-11.11,35.21,-16.22,29.17,25.0,27.0,1
MILKYMIST.NS,Jun 2026,14.47,,-29.35,,15.0,,0
MINDACORP.NS,Jun 2026,8.33,33.19,66.13,216.92,11.0,11.0,5
MINDSPACE.NS,Jun 2026,6.29,27.84,30.14,62.87,75.0,74.0,3
MMTC.NS,Jun 2026,0.0,0.0,-17.46,136.36,-2969.0,-1699.0,5
MOIL.NS,Dec 2020,-12.7,4.69,628.57,-7.27,28.0,22.0,0
MOLBIO.NS,Jun 2026,-27.27,,-44.79,,25.0,,0
MOTHERSON.NS,Jun 2026,2.73,16.66,-31.11,77.56,9.0,8.0,3
MOTILALOFS.NS,Jun 2026,28.03,25.17,681.74,9.54,57.0,63.0,1
MPHASIS.NS,Jun 2026,3.32,17.47,-3.92,10.86,18.0,19.0,9
MRF.NS,Jun 2026,4.62,9.64,-29.49,-1.39,12.0,14.0,0
MRPL.NS,Jun 2026,59.72,120.41,708.55,449.08,3.4,1.0,1
MSTCLTD.NS,Jun 2026,-21.01,22.08,-24.68,38.1,61.0,56.0,2
MSUMI.NS,Jun 2026,2.16,36.61,-13.17,1.4,8.0,10.0,4
MTARTECH.NS,Jun 2026,17.97,129.94,13.64,354.55,24.0,18.0,3
MUTHOOTFIN.NS,Jun 2026,-6.64,34.45,-16.84,43.11,,,9
MVELECTRO.NS,Jun 2026,-14.47,,-136.77,,-42.13,,0
NAM-INDIA.NS,Jun 2026,3.79,26.36,30.91,27.27,66.0,64.0,3
NATCOPHARM.NS,Jun 2026,-0.54,-44.7,-23.42,-57.08,25.0,43.0,0
NATIONALUM.NS,Jun 2026,5.77,39.27,16.32,90.94,51.0,39.0,1
NAUKRI.NS,Jun 2026,1.38,11.38,-35.19,42.86,39.0,33.0,7
NAVA.NS,Jun 2026,6.04,1.59,144.85,-16.54,43.0,49.0,0
NAVINFLUOR.NS,Jun 2026,11.41,44.14,14.08,107.69,34.0,29.0,7
NAZARA.NS,Jun 2026,7.79,-14.03,-246.43,-260.78,-9.0,4.7,0
NBCC.NS,Jun 2026,-50.44,-5.48,-37.8,17.04,7.0,4.6,9
NCC.NS,Jun 2026,-6.75,12.22,5.53,11.71,9.0,9.0,1
NEOGEN.NS,Jun 2026,1.21,33.69,54.55,70.0,19.0,17.0,2
NEPHROPLUS.NS,Jun 2026,6.02,23.68,6.67,33.33,21.0,21.0,3
NESCO.NS,Jun 2026,-15.87,9.84,7.53,4.17,48.0,57.0,2
NESTLEIND.NS,Jun 2026,-5.48,25.16,-13.68,48.22,24.0,21.0,3
NETWEB.NS,Jun 2026,5.94,172.43,19.72,183.33,15.0,15.0,9
NETWORK18.NS,Jun 2026,-16.23,10.26,-26.67,-125.5,1.4,0.9,0
NEULANDLAB.NS,Jun 2026,-17.27,119.11,-30.52,957.14,35.0,12.0,2
NEWGEN.NS,Jun 2026,-21.19,11.21,-40.57,26.0,16.0,14.0,1
NFL.NS,Jun 2026,3.52,27.33,-25.66,389.74,6.0,2.3,3
NH.NS,Jun 2026,3.47,78.1,-7.59,5.08,17.0,22.0,2
NHPC.NS,Jun 2026,35.23,18.48,-23.95,4.16,62.0,56.0,2
NIACL.NS,Jun 2026,-5.13,1.54,-141.21,-159.45,-1.7,1.6,0
NIVABUPA.NS,Jun 2026,9.77,27.9,-13.21,94.37,7.0,5.0,1
NLCINDIA.NS,Jun 2026,-6.45,23.29,-70.56,-48.03,31.0,24.0,0
NMDC.NS,Jun 2026,-40.1,0.83,-2.52,0.41,36.0,37.0,2
NSLNISP.NS,Jun 2026,-5.59,8.83,-86.99,96.15,11.0,12.0,6
NTPC.NS,Jun 2026,2.12,7.81,-35.04,12.9,32.0,27.0,3
NTPCGREEN.NS,Jun 2026,21.25,62.79,54.82,38.64,89.0,89.0,1
NUVAMA.NS,Jun 2026,8.43,22.53,13.75,15.91,53.0,54.0,3
NUVOCO.NS,Jun 2026,-5.38,8.91,13.48,20.3,18.0,18.0,1
NXST.NS,Jun 2026,4.45,10.91,1208.33,30.83,69.0,69.0,1
NYKAA.NS,Jun 2026,5.06,29.1,1.27,233.33,8.0,7.0,9
OBEROIRLTY.NS,Jun 2026,-25.66,31.68,-22.62,29.22,56.0,53.0,4
OFSS.NS,Jun 2026,51.33,68.74,68.17,120.56,60.0,46.0,3
OIL.NS,Jun 2026,34.54,57.69,66.13,96.73,46.0,30.0,2
OLAELEC.NS,Jun 2026,71.7,-45.05,32.8,21.5,-36.0,-29.0,4
OLECTRA.NS,Jun 2026,-10.7,65.99,-52.63,3.85,12.0,14.0,2
OMNI.NS,Jun 2026,12.08,62.14,3.45,500.0,30.0,26.0,3
OMPOWER.NS,Jun 2026,-30.29,17.31,-35.29,-8.33,12.0,18.0,0
ONESOURCE.NS,Jun 2026,4.91,37.31,400.0,,27.0,27.0,1
ONGC.NS,Jun 2026,17.94,25.68,-52.08,-43.28,8.0,16.0,0
OPTIEMUS.NS,Jun 2026,82.06,102.99,-4.55,40.0,3.4,6.0,1
ORIENTCEM.NS,Jun 2026,-6.65,-30.25,40.0,-62.44,24.0,21.0,0
ORKLAINDIA.NS,Jun 2026,5.27,10.39,20.55,11.39,17.0,19.0,2
OSWALPUMPS.NS,Jun 2026,-7.06,-7.78,-41.94,-43.16,16.0,27.0,0
PACEDIGITK.NS,Jun 2026,-49.41,51.23,-41.51,12.73,16.0,22.0,3
PAGEIND.NS,Jun 2026,13.33,7.82,7.82,-3.98,20.0,22.0,0
PARADEEP.NS,Jun 2026,30.24,35.97,151.92,23.97,12.0,13.0,1
PARAS.NS,Jun 2026,-25.15,37.63,-46.15,50.0,25.0,23.0,4
PARKHOSPS.NS,Jun 2026,3.48,19.3,15.58,34.85,26.0,26.0,3
PATANJALI.NS,Jun 2026,1.62,29.33,-35.88,86.67,4.8,3.7,4
PATELRMART.NS,Jun 2026,-7.37,69.66,-4.61,37.57,6.13,8.3,5
PAYTM.NS,Jun 2026,8.13,27.63,20.22,78.86,8.0,3.8,3
PCBL.NS,Jun 2026,19.7,16.98,287.5,64.89,16.0,15.0,1
PCJEWELLER.NS,Jun 2026,-5.39,20.97,45.1,37.04,28.0,18.0,9
PERNIASPOP.NS,Jun 2026,-22.73,,-39.68,,-12.0,,0
PERSISTENT.NS,Jun 2026,6.09,29.06,-8.7,13.65,16.0,18.0,9
PETRONET.NS,Jun 2026,-41.14,-53.22,-17.07,35.04,28.0,10.0,2
PFC.NS,Jun 2026,-1.36,-0.04,4.65,0.19,,,9
PFIZER.NS,Jun 2026,3.82,8.29,2.0,6.25,38.0,35.0,1
PFOCUS.NS,Jun 2026,-8.45,23.85,-138.98,-141.82,24.0,24.0,0
PGEL.NS,Jun 2026,18.46,35.24,16.92,13.43,7.0,8.0,1
PGIL.NS,Jun 2026,16.29,24.43,22.22,50.0,11.0,9.0,9
PHOENIXLTD.NS,Jun 2026,-12.81,12.8,-18.76,22.74,60.0,59.0,5
PICCADIL.NS,Jun 2026,-25.07,17.29,-53.33,16.67,17.0,18.0,5
PIDILITIND.NS,Jun 2026,27.04,21.29,51.37,30.38,26.0,25.0,9
PIIND.NS,Jun 2026,8.75,-10.42,22.0,-39.0,22.0,27.0,0
PINELABS.NS,Jun 2026,5.14,19.64,-66.1,300.0,13.0,7.0,4
PIRAMALFIN.NS,Jun 2026,-1.64,27.62,-8.17,67.03,62.0,65.0,7
PNB.NS,Jun 2026,2.41,3.12,4.16,169.27,,,4
PNBHOUSING.NS,Jun 2026,3.71,9.01,-15.09,4.31,,,9
PNCINFRA.NS,Jun 2026,4.39,18.62,207.41,-22.97,31.0,26.0,0
PNGJL.NS,Jun 2026,-31.91,40.7,16.67,52.17,8.0,6.0,9
PNGSREVA.NS,Jun 2026,-14.49,118.52,28.57,285.71,29.0,22.0,3
POLICYBZR.NS,Jun 2026,-8.39,40.06,-37.55,91.76,7.0,2.5,9
POLYCAB.NS,Jun 2026,-7.38,39.01,1.4,32.83,14.0,15.0,8
POLYMED.NS,Jun 2026,-1.87,30.27,30.77,-8.6,24.0,26.0,0
POONAWALLA.NS,Jun 2026,10.17,77.32,20.78,388.89,,,4
POWERGRID.NS,Jun 2026,-1.45,2.69,-20.85,-0.91,82.0,81.0,0
POWERICA.NS,Jun 2026,-2.62,26.62,42.22,25.49,14.0,14.0,3
POWERINDIA.NS,Jun 2026,-9.44,68.63,-10.91,122.73,15.0,10.0,9
POWERMECH.NS,Jun 2026,-23.07,25.6,-41.83,9.88,10.0,13.0,9
PPLPHARMA.NS,Jun 2026,-17.51,17.37,-666.67,15.85,9.0,6.0,1
PRAJIND.NS,Jun 2026,-15.27,11.88,0.0,140.0,4.2,4.9,1
PRASOLCHEM.NS,Jun 2025,,,,,13.0,,0
PREMIERENE.NS,Jun 2026,10.45,35.26,3.28,53.25,29.0,30.0,9
PRESTIGE.NS,Jun 2026,-34.34,15.95,-7.19,-13.14,32.0,38.0,0
PRICOLLTD.NS,Jun 2026,0.55,23.46,-8.22,34.0,11.0,11.0,5
PRIVISCL.NS,Jun 2026,-7.76,19.14,-11.7,43.1,23.0,24.0,9
PRSMJOHNSN.NS,Jun 2026,-13.03,2.57,806.25,1983.33,12.0,10.0,1
PRUDENT.NS,Jun 2026,-3.6,18.37,27.12,44.23,26.0,23.0,9
PSB.NS,Jun 2026,6.04,10.37,-21.33,23.42,,,9
PTC.NS,Jun 2026,22.47,19.08,-7.44,-53.91,3.1,7.0,0
PTCIL.NS,Jun 2026,-14.67,97.94,-51.67,480.0,25.0,9.0,4
PURVA.NS,Jun 2026,-43.48,62.02,-77.27,136.23,22.0,13.0,3
PVRINOX.NS,Jun 2026,4.85,11.86,-69.89,203.7,33.0,28.0,7
PWL.NS,Jun 2026,14.69,24.44,-27.54,30.71,-5.0,-9.0,4
QPOWER.NS,Jun 2026,-17.08,31.64,-7.84,27.03,18.0,18.0,7
QUESS.NS,Jun 2026,7.45,14.54,28.12,60.78,2.0,1.9,5
RADICO.NS,Jun 2026,11.97,11.82,28.49,75.57,21.0,15.0,9
RAILTEL.NS,Sep 2023,27.99,39.63,78.95,23.64,19.0,23.0,3
RAIN.NS,Jun 2026,14.29,17.41,115.82,310.84,19.0,14.0,7
RAINBOW.NS,Jun 2026,2.17,33.14,-19.23,16.67,29.0,29.0,3
RALLIS.NS,Mar 2022,-19.11,7.86,-135.0,-275.0,-0.6,3.8,0
RAMBHAJO.NS,Jun 2026,-18.3,-41.04,-6.29,-49.32,32.96,35.96,0
RAMCOCEM.NS,Jun 2026,-12.91,9.59,-79.47,-63.53,13.0,19.0,0
RATEGAIN.NS,Jun 2026,9.64,187.55,35.71,102.13,22.0,18.0,2
RATNAMANI.NS,Jun 2026,-10.41,-15.62,-7.76,-15.75,17.0,16.0,0
RAYMONDLSL.NS,Jun 2026,-14.64,6.01,55.77,-15.0,6.0,5.0,0
RBA.NS,Jun 2026,16.41,17.91,29.79,26.67,12.0,10.0,6
RBLBANK.NS,Jun 2026,3.2,11.6,-4.1,9.35,,,3
RCF.NS,Jun 2026,-35.75,6.38,-60.43,37.04,6.0,4.7,5
RECLTD.NS,Jun 2026,-0.89,-2.05,24.24,-6.11,,,0
REDINGTON.NS,Jun 2026,5.15,34.56,57.29,94.42,2.0,1.5,1
REDTAPE.NS,Jun 2026,-28.85,3.66,-37.14,12.82,17.0,17.0,5
REFEX.NS,Jun 2026,-1.93,160.23,-30.85,225.0,12.0,10.0,4
REGAAL.NS,Jun 2026,-17.55,-18.22,-23.53,44.44,15.0,10.0,2
RELAXO.NS,Jun 2026,-6.13,7.8,-19.12,12.24,15.0,15.0,2
RELIANCE.NS,Jun 2026,5.24,27.02,12.66,-24.65,15.0,18.0,0
RELIGARE.NS,Jun 2026,-4.62,26.44,-148.96,-687.5,-2.1,0.8,0
RENUKA.NS,Jun 2026,-16.8,5.47,-108.26,4.55,-3.6,-4.3,1
RHIM.NS,Jun 2026,8.8,5.62,112.55,85.71,14.0,11.0,1
RITES.NS,Jun 2026,-30.73,8.57,-29.5,7.69,22.0,23.0,1
RKFORGE.NS,Jun 2026,0.0,19.9,-16.07,291.67,18.0,14.0,1
ROUTE.NS,Jun 2026,1.86,9.61,-39.47,16.95,9.0,9.0,3
RPOWER.NS,Jun 2026,3.66,3.71,113.16,44.44,29.0,30.0,1
RRKABEL.NS,Jun 2026,6.88,53.86,22.02,127.78,9.0,7.0,6
RSL.NS,Jun 2026,20.39,32.33,53.85,81.82,9.0,9.0,3
RTNINDIA.NS,Jun 2026,10.19,-19.15,113.64,-97.01,2.1,26.0,0
RTNPOWER.NS,Jun 2026,1.4,-2.8,6.98,453.85,16.0,12.0,1
RUBICON.NS,Jun 2026,3.89,51.7,10.39,97.67,24.0,22.0,4
RVNL.NS,Jun 2026,-35.47,10.54,-12.09,19.4,4.3,1.4,1
SAATVIKGL.NS,Jun 2026,-68.21,-44.2,-91.13,-95.49,6.62,19.33,0
SAFARI.NS,Jun 2026,24.52,11.55,29.73,-4.0,13.0,15.0,0
SAGILITY.NS,Jun 2026,-3.01,27.55,-15.89,45.64,22.0,22.0,8
SAIL.NS,Jun 2026,-14.82,1.25,-10.41,120.67,16.0,11.0,3
SAILIFE.NS,Jun 2026,-7.97,11.69,-29.81,21.67,27.0,24.0,7
SAIPARENT.NS,Jun 2026,-9.73,,-39.82,,13.16,,0
SAMBHV.NS,Jun 2026,6.86,30.95,7.55,67.65,13.0,13.0,4
SAMHI.NS,Jun 2026,-11.59,12.13,-93.73,31.58,32.0,33.0,9
SAMMAANCAP.NS,Jun 2026,21.65,-31.17,103.0,-27.25,,,0
SANDUMA.NS,Jun 2026,-9.0,21.15,-3.39,36.53,25.0,26.0,2
SANOFICONR.NS,Jun 2026,3.06,6.79,1.47,13.11,38.0,32.0,5
SANSERA.NS,Jun 2026,2.2,33.29,-29.27,38.1,19.0,17.0,9
SAPPHIRE.NS,Jun 2026,12.5,14.67,207.69,800.0,16.0,15.0,1
SARDAEN.NS,Jun 2026,28.23,-1.53,208.39,9.38,41.0,38.0,2
SAREGAMA.NS,Jun 2026,-8.01,27.54,-29.73,40.54,35.0,27.0,2
SBFC.NS,Mar 2025,8.08,29.39,6.82,27.03,,,4
SBICARD.NS,Jun 2026,2.17,3.36,9.03,19.42,,,4
SBIFUNDS.NS,Jun 2026,1.23,,38.8,,80.0,,0
SBILIFE.NS,Jun 2026,1038.22,18.83,-9.94,22.05,1.6,1.7,1
SBIN.NS,Jun 2026,3.94,8.36,22.49,13.56,,,5
SCHAEFFLER.NS,Jun 2026,6.77,17.34,3.16,13.59,18.0,18.0,9
SCHNEIDER.NS,Jun 2026,10.34,4.66,-45.45,-70.73,5.0,11.0,0
SCI.NS,Jun 2026,22.08,40.35,52.84,74.86,45.0,37.0,3
SEDEMAC.NS,Jun 2026,7.64,72.22,3.12,266.67,19.0,16.0,1
SENCO.NS,Jun 2026,53.03,67.36,-35.67,-3.81,7.0,10.0,0
SFL.NS,Jun 2026,-1.71,25.7,-32.61,785.71,11.0,9.0,3
SHADOWFAX.NS,Jun 2026,9.78,64.81,16.07,712.5,7.0,3.1,3
SHAILY.NS,Jun 2026,18.57,13.77,20.0,17.07,30.0,28.0,9
SHAKTIPUMP.NS,Jun 2026,0.12,38.1,36.84,-46.39,10.0,23.0,0
SHANTIGOLD.NS,Jun 2026,8.65,,-3.85,,10.0,,0
SHARDACROP.NS,Jun 2026,-47.99,9.04,-72.41,-38.46,17.0,22.0,0
SHAREINDIA.NS,Jun 2026,7.69,31.38,113.79,47.62,45.0,40.0,3
SHILPAMED.NS,Jun 2026,6.64,45.17,-6.48,114.89,29.0,28.0,5
SHIPROCKET.NS,Jun 2026,6.86,,12.5,,-1.8,,0
SHREECEM.NS,Jun 2026,2.16,18.03,0.57,-17.55,20.0,25.0,0
SHREEJISPG.NS,Jun 2026,11.17,29.81,10.0,18.92,30.0,37.0,1
SHRINGARMS.NS,Jun 2026,-24.52,64.56,0.0,17.24,9.0,12.0,5
SHRIPISTON.NS,Jun 2026,1.24,53.06,-6.92,9.63,18.0,20.0,9
SHRIRAMFIN.NS,Jun 2026,7.09,16.16,14.3,59.94,,,2
SHYAMMETL.NS,Jun 2026,4.1,23.44,12.5,20.62,14.0,13.0,5
SIEMENS.NS,Jun 2026,2.08,14.75,479.19,406.62,9.0,13.0,1
SIGNATURE.NS,Jun 2026,-50.14,-36.26,-101.48,-150.0,-8.0,3.8,0
SJVN.NS,Jun 2026,-6.82,52.02,290.68,-1.32,61.0,77.0,0
SKFINDIA.NS,Jun 2026,-1.18,-54.17,410.0,-47.46,15.0,13.0,0
SKFINDUS.NS,Jun 2026,2.64,18.27,-47.9,-13.89,9.0,11.0,0
SKIPPER.NS,Jun 2026,-21.42,4.47,-26.92,26.67,11.0,10.0,9
SKYGOLD.NS,Jun 2026,5.28,77.98,15.38,138.64,8.0,6.0,9
SKYWAYS.NS,Jun 2026,54.44,,22.73,,4.1,,0
SMARTWORKS.NS,Jun 2026,5.0,44.06,-23.53,425.0,63.0,64.0,5
SMLMAH.NS,Jun 2026,6.68,13.24,18.52,-4.48,10.0,12.0,0
SOBHA.NS,Jun 2026,-35.71,50.0,-44.57,264.29,6.0,2.8,2
SOLARINDS.NS,Jun 2026,20.14,70.29,19.78,88.67,28.0,25.0,9
SOLARWORLD.NS,Jun 2026,-71.54,146.81,-80.64,-26.41,6.56,12.65,0
SONACOMS.NS,Jun 2026,3.42,52.34,-4.28,46.72,23.0,24.0,2
SONATSOFTW.NS,Jun 2026,29.3,10.59,-16.92,-0.92,5.0,5.0,0
SOUTHBANK.NS,Jun 2026,2.7,11.26,-7.13,17.39,,,9
SPARC.NS,Jun 2026,-97.84,300.0,-101.19,59.62,-85.0,-540.0,2
SPLPETRO.NS,Jun 2026,6.79,22.33,40.83,190.24,19.0,8.0,1
SRF.NS,Jun 2026,9.06,31.79,30.41,75.69,25.0,22.0,7
STAR.NS,Jun 2026,-4.38,12.95,27.91,55.66,18.0,19.0,4
STARCEMENT.NS,Jun 2026,-19.68,3.4,-49.66,-24.49,21.0,25.0,0
STARHEALTH.NS,Jun 2026,18.8,13.16,395.5,25.57,14.0,12.0,2
STEAMHOUSE.NS,Sep 2025,,,,,14.0,,0
STLTECH.NS,Jun 2026,32.55,87.44,233.9,1870.0,20.0,13.0,7
STUDDS.NS,Jun 2026,1.19,14.09,-42.86,-40.0,12.0,20.0,0
STYL.NS,Jun 2026,-6.93,20.9,-26.83,62.16,23.0,23.0,3
STYRENIX.NS,Jun 2026,22.4,7.1,89.04,165.38,22.0,10.0,2
SUBROS.NS,Jun 2026,-1.71,17.54,-14.29,2.44,8.0,9.0,9
SUDARSCHEM.NS,Jun 2026,-5.3,5.38,25.61,87.27,10.0,8.0,2
SUDEEPPHRM.NS,Jun 2026,-13.19,26.4,-16.33,32.26,35.0,35.0,3
SUMICHEM.NS,Jun 2026,55.41,0.57,93.69,20.79,22.0,21.0,2
SUNDARMFIN.NS,Jun 2026,3.28,12.56,14.8,33.89,,,6
SUNPHARMA.NS,Jun 2026,4.71,10.46,7.05,26.52,29.0,31.0,4
SUNSHINE.NS,Jun 2026,-90.66,,-99.37,,14.51,,0
SUNTECK.NS,Jun 2026,-43.36,2.13,-33.33,27.27,35.0,25.0,5
SUNTV.NS,Jun 2026,65.12,13.02,166.81,17.01,50.0,48.0,1
SUPREMEIND.NS,Jun 2026,-22.96,4.18,-35.25,39.11,15.0,12.0,2
SUPRIYA.NS,Jun 2026,-31.41,31.03,-67.57,-31.43,25.0,36.0,0
SURYAROSNI.NS,Jun 2026,-5.41,27.48,-38.78,76.47,5.0,4.3,1
SUZLON.NS,Jun 2026,-30.29,22.25,-72.62,-5.86,16.0,19.0,0
SWANCORP.NS,Jun 2026,16.55,-16.41,-114.34,-233.33,-0.4,2.2,0
SWIGGY.NS,Jun 2026,6.72,37.31,1.12,33.92,-10.0,-19.0,2
SWSOLAR.NS,Jun 2026,-18.29,-9.76,-62.68,35.9,5.0,4.8,2
SYMBIOTEC.NS,Jun 2026,-11.02,,-50.0,,21.0,,0
SYNGENE.NS,Jun 2026,-28.99,-15.84,-106.09,-110.38,12.34,23.6,0
SYRMA.NS,Jun 2026,8.46,68.33,-10.92,112.0,10.0,9.0,8
TANLA.NS,Jun 2026,4.07,17.77,5.97,20.34,16.0,16.0,3
TARC.NS,Jun 2026,3.83,185.53,1050.0,-57.41,19.0,-159.0,0
TARIL.NS,Jun 2026,-26.95,8.13,-29.67,-4.48,16.0,17.0,0
TATACAP.NS,Jun 2026,8.11,15.09,11.05,56.39,,,3
TATACHEM.NS,Jun 2026,23.76,14.41,102.84,-81.01,13.0,17.0,0
TATACOMM.NS,Jun 2026,0.44,10.45,-49.81,-31.58,19.0,19.0,0
TATACONSUM.NS,Jun 2026,-1.56,11.93,0.71,28.61,14.0,13.0,6
TATAELXSI.NS,Mar 2015,4.52,8.96,7.14,36.36,20.0,22.0,8
TATAINVEST.NS,Jun 2026,280.0,4.83,125.0,-1.37,92.0,92.0,0
TATAPOWER.NS,Jun 2026,27.86,5.63,-1.06,11.01,20.0,20.0,9
TATASTEEL.NS,Jun 2026,-3.91,14.32,-19.56,18.83,15.0,14.0,6
TATATECH.NS,Jun 2026,5.92,33.84,-11.27,6.47,16.0,16.0,2
TBOTEK.NS,Jun 2026,13.76,81.21,38.33,31.75,15.0,14.0,6
TCS.NS,Jun 2026,2.23,13.93,-2.64,4.69,26.0,27.0,2
TDPOWERSYS.NS,Jun 2026,8.66,72.04,19.44,72.0,19.0,19.0,9
TECHM.NS,Jun 2026,4.22,17.68,9.59,31.62,17.0,14.0,3
TECHNOCRAF.NS,Jun 2026,-33.57,,-54.17,,19.0,,0
TECHNOE.NS,Jun 2026,-37.62,19.77,-19.13,-31.62,16.0,18.0,0
TEGA.NS,Jun 2026,226.94,383.99,-351.16,-408.57,3.2,16.0,0
TEJASNET.NS,Jun 2026,20.72,99.01,4.27,-4.12,-25.0,-67.0,0
TEMPSENS.NS,Jun 2026,-10.53,,-23.81,,20.0,,0
TENNIND.NS,Jun 2026,-0.45,20.14,-1.2,-1.79,16.0,18.0,0
TEXRAIL.NS,Jun 2026,-35.13,-16.9,-13.79,72.41,8.0,8.0,2
THANGAMAYL.NS,Jun 2026,-6.09,71.12,-40.56,84.78,5.0,6.0,4
THELEELA.NS,Jun 2026,-27.27,28.0,-71.51,444.44,36.0,37.0,5
THERMAX.NS,Jun 2026,-32.82,6.72,-90.98,-85.43,3.0,10.0,0
THOMASCOOK.NS,Jun 2026,18.13,-13.12,106.45,-13.51,4.5,5.0,0
THYROCARE.NS,Jun 2026,7.14,24.35,4.08,34.21,32.0,30.0,9
TI.NS,Jun 2026,10.22,155.75,313.33,-64.04,16.0,23.0,0
TIINDIA.NS,Jun 2026,0.0,17.07,25.64,-2.97,9.0,10.0,0
TIMETECHNO.NS,Jun 2026,0.95,25.13,-11.94,21.65,13.0,14.0,9
TIMKEN.NS,Jun 2026,-13.49,14.72,-24.05,11.11,19.0,18.0,1
TIPSMUSIC.NS,Jun 2026,2.88,21.59,-25.42,-4.35,50.0,64.0,0
TITAGARH.NS,Jun 2026,-12.57,12.67,-1.85,70.97,12.0,9.0,2
TITAN.NS,Jun 2026,-20.67,29.25,50.72,62.88,14.0,11.0,6
TMB.NS,Jun 2026,7.23,19.91,10.16,35.08,,,9
TMCV.NS,Jun 2026,-20.81,19.3,42.55,82.96,16.0,12.0,2
TMPV.NS,Jun 2026,-9.15,9.26,-85.39,-78.54,6.0,9.0,0
TORNTPHARM.NS,Jun 2026,17.25,54.85,55.49,3.28,34.0,32.0,1
TORNTPOWER.NS,Jun 2026,26.82,2.76,100.0,-10.78,19.0,19.0,0
TRANSRAILL.NS,Jun 2026,-6.82,4.58,12.5,1.89,12.0,12.0,1
TRAVELFOOD.NS,Jun 2026,-1.95,20.53,4.88,35.79,36.0,39.0,3
TRENT.NS,Jun 2026,14.46,17.86,25.42,21.88,19.0,17.0,5
TRIDENT.NS,Jun 2026,9.43,4.69,54.9,12.86,17.0,17.0,1
TRITURBINE.NS,Jun 2026,-34.85,19.41,-50.0,-20.31,12.0,20.0,0
TRIVENI.NS,Jun 2026,12.24,2.11,-97.82,73.81,3.36,2.38,1
TRUALT.NS,Jun 2026,5.2,106.25,-14.49,1080.0,21.0,14.0,1
TSFINV.NS,Jun 2026,2.68,70.95,-23.78,-20.89,23.0,26.0,0
TTML.NS,Mar 2010,3.16,20.82,37.86,-64.1,26.0,25.0,0
TURTLEMINT.NS,Jun 2026,-17.65,16.67,-1366.67,2.56,-11.0,-15.0,1
TVSMOTOR.NS,Jun 2026,8.26,33.46,29.02,64.54,14.0,15.0,9
TVSSCS.NS,Jun 2026,9.99,28.67,22.22,-69.01,7.0,7.0,0
UBL.NS,Jun 2026,36.31,7.09,62.75,-9.78,9.0,11.0,0
UCOBANK.NS,Mar 2025,8.44,15.1,4.06,23.79,,,4
UJJIVANSFB.NS,Jun 2026,7.83,25.08,12.41,207.77,,,3
ULTRACEMCO.NS,Jun 2026,-4.46,15.85,-13.2,17.24,20.0,21.0,6
UNIONBANK.NS,Jun 2026,2.82,1.21,2.51,27.42,,,3
UNITDSPR.NS,Jun 2026,-11.33,-10.36,-14.1,11.03,16.0,21.0,4
UNOMINDA.NS,Jun 2026,4.14,23.79,-10.23,2.27,10.0,12.0,5
UPL.NS,Jun 2026,-44.47,10.47,-105.64,58.52,13.0,15.0,2
URBANCO.NS,Jun 2026,23.94,43.87,42.86,-1414.29,-18.0,-3.6,0
USHAMART.NS,Jun 2026,5.52,16.46,-4.05,40.59,20.0,16.0,4
UTIAMC.NS,Jun 2026,49.74,6.76,676.47,15.75,66.0,62.0,1
UTLSOLAR.NS,Jun 2026,49.39,,-45.28,,19.0,,0
V2RETAIL.NS,Jun 2026,25.09,57.75,133.33,68.0,14.0,14.0,9
VAIBHAVGBL.NS,Jun 2026,-1.93,12.65,-38.46,47.37,11.0,8.0,7
VARROC.NS,Jun 2026,11.23,29.88,11.43,-27.1,8.0,10.0,0
VBL.NS,Jun 2026,28.55,20.44,73.49,15.09,28.0,28.0,9
VEDL.NS,Jun 2026,-1.64,53.64,-15.33,77.65,35.0,27.0,3
VGUARD.NS,Jun 2026,3.19,23.53,16.07,75.68,11.0,8.0,2
VIDYAWIRES.NS,Jun 2026,-8.18,33.5,-15.0,41.67,4.0,4.5,4
VIJAYA.NS,Jun 2026,5.48,22.87,10.42,35.9,43.0,39.0,9
VIKRAMSOLR.NS,Jun 2026,7.57,37.83,-81.82,-84.96,8.0,21.0,0
VIKRAN.NS,Jun 2026,-78.13,-60.15,-92.88,-89.43,7.97,19.09,0
VIPIND.NS,Jun 2026,32.57,3.03,58.14,-315.38,-1.9,4.4,0
VIYASH.NS,Jun 2026,2.83,19.44,19.7,113.51,19.0,15.0,9
VMART.NS,Jun 2026,12.15,23.05,327.27,38.24,15.0,14.0,1
VMM.NS,Jun 2026,19.69,18.69,54.17,25.73,15.0,15.0,7
VMSTMT.NS,Jun 2026,2.76,16.72,95.2,-47.9,4.87,9.18,0
VOLTAMP.NS,Jun 2026,-11.83,28.3,89.58,13.75,15.0,17.0,1
VOLTAS.NS,Jun 2026,-4.38,18.66,88.5,51.06,4.9,3.9,1
VTL.NS,Jun 2026,8.21,13.29,66.67,51.44,18.0,14.0,1
WAAREEENER.NS,Jun 2026,-6.46,79.21,-20.78,15.39,18.0,23.0,9
WAAREERTL.NS,Jun 2026,-16.15,53.23,-23.72,38.37,19.0,19.0,6
WABAG.NS,Jun 2026,-37.27,20.84,-29.69,36.36,9.0,13.0,9
WAKEFIT.NS,Jun 2026,17.73,16.71,-81.15,15.0,14.0,13.0,3
WEBELSOLAR.NS,Jun 2026,-6.98,70.32,-37.1,16.42,34.0,47.0,3
WELCORP.NS,Jun 2026,-5.38,14.93,182.48,200.29,17.0,15.0,1
WELENT.NS,Jun 2026,-35.45,-8.4,-65.64,-44.55,19.0,21.0,0
WELSPUNLIV.NS,Jun 2026,14.78,23.62,53.77,83.15,11.0,10.0,1
WESTLIFE.NS,Jun 2026,12.25,11.86,-75.21,-52.03,12.63,12.97,0
WEWORK.NS,Jun 2026,-1.76,27.74,-106.16,71.29,64.05,62.66,3
WHIRLPOOL.NS,Jun 2026,25.03,12.13,28.75,-29.45,5.0,9.0,0
WIPRO.NS,Jun 2026,1.0,10.59,-4.71,0.6,19.0,19.0,1
WOCKPHARMA.NS,Jun 2026,-3.73,25.88,-34.76,199.07,21.0,10.0,4
XTRANET.NS,Jun 2026,-68.65,,-75.06,,20.57,,0
YATHARTH.NS,Jun 2026,14.91,52.33,0.0,7.14,23.0,25.0,9
YESBANK.NS,Jun 2026,5.12,5.9,-0.92,32.51,,,9
ZAGGLE.NS,Jun 2026,-31.55,27.41,-56.1,-30.77,7.0,9.0,0
ZEEL.NS,Jun 2026,-5.83,4.49,171.15,-48.61,5.0,13.0,0
ZENSARTECH.NS,Jun 2026,4.0,8.88,-12.8,1.1,15.0,15.0,6
ZENTEC.NS,Jun 2026,-20.22,-10.13,-31.91,-39.62,27.0,41.0,0
ZFCVINDIA.NS,Jun 2026,-7.71,9.22,-28.77,-14.75,13.0,13.0,0
ZYDUSLIFE.NS,Jun 2026,5.67,21.95,-26.17,-34.91,24.0,32.0,0
ZYDUSWELL.NS,Jun 2026,-3.23,66.9,-26.54,-7.03,17.0,18.0,0
